gene_name,gene_id,nmd_call,total_rna,experiment_clean,max_exp2
ITGA3,ENSG00000005884,non-NMD rescued,N.S.,TDP-43 KD - i3 Corti,> 10%
RSF1,ENSG00000048649,non-NMD rescued,N.S.,TDP-43 KD - i3 Corti,> 10%
FAM114A2,ENSG00000055147,non-NMD rescued,N.S.,TDP-43 KD - i3 Corti,> 10%
FAM114A2,ENSG00000055147,NMD rescued,N.S.,TDP-43 KD - i3 Corti,> 10%
PSD,ENSG00000059915,non-NMD rescued,N.S.,TDP-43 KD - i3 Corti,> 30%
PFKP,ENSG00000067057,NMD rescued,downregulated,TDP-43 KD - i3 Corti,> 70%
KCNQ2,ENSG00000075043,non-NMD rescued,N.S.,TDP-43 KD - i3 Corti,> 10%
ACTL6B,ENSG00000077080,non-NMD rescued,N.S.,TDP-43 KD - i3 Corti,> 50%
RAP1GAP,ENSG00000076864,non-NMD rescued,downregulated,TDP-43 KD - i3 Corti,> 10%
DLGAP4,ENSG00000080845,non-NMD rescued,N.S.,TDP-43 KD - i3 Corti,> 10%
CERS4,ENSG00000090661,non-NMD rescued,N.S.,TDP-43 KD - i3 Corti,Dark cryptic
AARS,ENSG00000090861,non-NMD rescued,N.S.,TDP-43 KD - i3 Corti,> 10%
NUP188,ENSG00000095319,non-NMD rescued,downregulated,TDP-43 KD - i3 Corti,> 70%
RANBP1,ENSG00000099901,NMD rescued,downregulated,TDP-43 KD - i3 Corti,Dark cryptic
MYO9B,ENSG00000099331,NMD rescued,N.S.,TDP-43 KD - i3 Corti,Dark cryptic
BCL2L13,ENSG00000099968,non-NMD rescued,N.S.,TDP-43 KD - i3 Corti,> 10%
USP10,ENSG00000103194,non-NMD rescued,N.S.,TDP-43 KD - i3 Corti,> 10%
CORO7,ENSG00000262246,NMD rescued,downregulated,TDP-43 KD - i3 Corti,> 10%
STMN2,ENSG00000104435,non-NMD rescued,downregulated,TDP-43 KD - i3 Corti,> 50%
MAST1,ENSG00000105613,non-NMD rescued,N.S.,TDP-43 KD - i3 Corti,> 10%
CRTC1,ENSG00000105662,non-NMD rescued,N.S.,TDP-43 KD - i3 Corti,Dark cryptic
DNM1,ENSG00000106976,non-NMD rescued,N.S.,TDP-43 KD - i3 Corti,> 10%
IQCE,ENSG00000106012,non-NMD rescued,N.S.,TDP-43 KD - i3 Corti,> 70%
WASL,ENSG00000106299,non-NMD rescued,N.S.,TDP-43 KD - i3 Corti,> 30%
NSMCE4A,ENSG00000107672,non-NMD rescued,downregulated,TDP-43 KD - i3 Corti,> 10%
MADD,ENSG00000110514,non-NMD rescued,downregulated,TDP-43 KD - i3 Corti,> 10%
AKT3,ENSG00000117020,NMD rescued,downregulated,TDP-43 KD - i3 Corti,> 10%
ERI3,ENSG00000117419,non-NMD rescued,N.S.,TDP-43 KD - i3 Corti,Dark cryptic
DLGAP3,ENSG00000116544,NMD rescued,N.S.,TDP-43 KD - i3 Corti,> 10%
DLGAP3,ENSG00000116544,non-NMD rescued,N.S.,TDP-43 KD - i3 Corti,> 10%
WDR35,ENSG00000118965,NMD rescued,downregulated,TDP-43 KD - i3 Corti,> 50%
MED13L,ENSG00000123066,non-NMD rescued,N.S.,TDP-43 KD - i3 Corti,> 10%
MTRR,ENSG00000124275,NMD rescued,N.S.,TDP-43 KD - i3 Corti,> 10%
PKN1,ENSG00000123143,NMD rescued,downregulated,TDP-43 KD - i3 Corti,Dark cryptic
CDO1,ENSG00000129596,non-NMD rescued,N.S.,TDP-43 KD - i3 Corti,> 30%
UNC13A,ENSG00000130477,NMD rescued,N.S.,TDP-43 KD - i3 Corti,> 50%
PXDN,ENSG00000130508,NMD rescued,N.S.,TDP-43 KD - i3 Corti,> 30%
SYNE1,ENSG00000131018,non-NMD rescued,N.S.,TDP-43 KD - i3 Corti,> 10%
EPB41L4A,ENSG00000129595,non-NMD rescued,N.S.,TDP-43 KD - i3 Corti,> 70%
MTSS1L,ENSG00000132613,non-NMD rescued,N.S.,TDP-43 KD - i3 Corti,> 10%
TRAF3,ENSG00000131323,NMD rescued,downregulated,TDP-43 KD - i3 Corti,Dark cryptic
CDK7,ENSG00000134058,non-NMD rescued,downregulated,TDP-43 KD - i3 Corti,> 10%
MEIS2,ENSG00000134138,NMD rescued,N.S.,TDP-43 KD - i3 Corti,> 30%
ARHGAP32,ENSG00000134909,non-NMD rescued, upregulated,TDP-43 KD - i3 Corti,> 70%
MICAL1,ENSG00000135596,non-NMD rescued,N.S.,TDP-43 KD - i3 Corti,> 10%
HAUS2,ENSG00000137814,NMD rescued,N.S.,TDP-43 KD - i3 Corti,Dark cryptic
TGFBRAP1,ENSG00000135966,NMD rescued,N.S.,TDP-43 KD - i3 Corti,> 10%
SEPT11,ENSG00000138758,non-NMD rescued,N.S.,TDP-43 KD - i3 Corti,> 30%
RPTOR,ENSG00000141564,NMD rescued,downregulated,TDP-43 KD - i3 Corti,> 10%
CEP131,ENSG00000141577,non-NMD rescued,downregulated,TDP-43 KD - i3 Corti,> 10%
CEP131,ENSG00000141577,NMD rescued,downregulated,TDP-43 KD - i3 Corti,> 10%
SHQ1,ENSG00000144736,NMD rescued,N.S.,TDP-43 KD - i3 Corti,> 50%
RPGR,ENSG00000156313,NMD rescued,N.S.,TDP-43 KD - i3 Corti,Dark cryptic
PTPRN2,ENSG00000155093,non-NMD rescued,downregulated,TDP-43 KD - i3 Corti,> 10%
ISL2,ENSG00000159556,non-NMD rescued, upregulated,TDP-43 KD - i3 Corti,> 10%
USP24,ENSG00000162402,non-NMD rescued,downregulated,TDP-43 KD - i3 Corti,> 10%
IFT122,ENSG00000163913,NMD rescued,downregulated,TDP-43 KD - i3 Corti,> 30%
SEPT8,ENSG00000164402,NMD rescued,N.S.,TDP-43 KD - i3 Corti,> 10%
ADCY1,ENSG00000164742,NMD rescued,downregulated,TDP-43 KD - i3 Corti,> 50%
ADCY1,ENSG00000164742,non-NMD rescued,downregulated,TDP-43 KD - i3 Corti,> 50%
FOXK1,ENSG00000164916,non-NMD rescued,N.S.,TDP-43 KD - i3 Corti,> 10%
PTPN13,ENSG00000163629,non-NMD rescued,N.S.,TDP-43 KD - i3 Corti,> 10%
MGAT5B,ENSG00000167889,non-NMD rescued,downregulated,TDP-43 KD - i3 Corti,> 10%
ATG4B,ENSG00000168397,non-NMD rescued,downregulated,TDP-43 KD - i3 Corti,> 30%
ATG4B,ENSG00000168397,NMD rescued,downregulated,TDP-43 KD - i3 Corti,> 30%
ISLR2,ENSG00000167178,non-NMD rescued,N.S.,TDP-43 KD - i3 Corti,> 10%
SETD5,ENSG00000168137,non-NMD rescued,N.S.,TDP-43 KD - i3 Corti,> 30%
TRAPPC12,ENSG00000171853,non-NMD rescued,downregulated,TDP-43 KD - i3 Corti,> 50%
TRAPPC12,ENSG00000171853,NMD rescued,downregulated,TDP-43 KD - i3 Corti,> 50%
NADSYN1,ENSG00000172890,non-NMD rescued,N.S.,TDP-43 KD - i3 Corti,> 30%
CHID1,ENSG00000177830,NMD rescued,downregulated,TDP-43 KD - i3 Corti,> 10%
NPLOC4,ENSG00000182446,non-NMD rescued,N.S.,TDP-43 KD - i3 Corti,> 10%
EP400,ENSG00000183495,non-NMD rescued,N.S.,TDP-43 KD - i3 Corti,> 50%
PCBP3,ENSG00000183570,non-NMD rescued,downregulated,TDP-43 KD - i3 Corti,> 10%
AGRN,ENSG00000188157,NMD rescued,N.S.,TDP-43 KD - i3 Corti,> 30%
L3MBTL1,ENSG00000185513,non-NMD rescued,N.S.,TDP-43 KD - i3 Corti,> 10%
LRCH3,ENSG00000186001,non-NMD rescued,N.S.,TDP-43 KD - i3 Corti,> 10%
ZNF529,ENSG00000186020,non-NMD rescued,N.S.,TDP-43 KD - i3 Corti,> 70%
GREB1,ENSG00000196208,non-NMD rescued,N.S.,TDP-43 KD - i3 Corti,> 10%
DAPK1,ENSG00000196730,non-NMD rescued, upregulated,TDP-43 KD - i3 Corti,> 10%
UNC13B,ENSG00000198722,NMD rescued,downregulated,TDP-43 KD - i3 Corti,> 10%
ELAVL3,ENSG00000196361,NMD rescued,downregulated,TDP-43 KD - i3 Corti,> 10%
RANBP17,ENSG00000204764,non-NMD rescued,N.S.,TDP-43 KD - i3 Corti,> 10%
ZGPAT,ENSG00000197114,non-NMD rescued,downregulated,TDP-43 KD - i3 Corti,> 30%
MYO1C,ENSG00000197879,non-NMD rescued,N.S.,TDP-43 KD - i3 Corti,> 10%
KIAA0753,ENSG00000198920,NMD rescued,N.S.,TDP-43 KD - i3 Corti,> 50%
ETV5,ENSG00000244405,non-NMD rescued,N.S.,TDP-43 KD - i3 Corti,> 30%
NYNRIN,ENSG00000205978,non-NMD rescued, upregulated,TDP-43 KD - i3 Corti,> 70%
SYT3,ENSG00000213023,non-NMD rescued,N.S.,TDP-43 KD - i3 Corti,> 10%
SEPT7P2,ENSG00000214765,non-NMD rescued,N.S.,TDP-43 KD - i3 Corti,> 30%
ZNF826P,ENSG00000231205,non-NMD rescued,N.S.,TDP-43 KD - i3 Corti,> 50%
CDK11A,ENSG00000008128,non-NMD rescued,N.S.,TDP-43 KD - i3 Corti,> 10%
AL031282.2,ENSG00000268575,non-NMD rescued,N.S.,TDP-43 KD - i3 Corti,> 10%
HECW1,ENSG00000002746,non-NMD rescued,N.S.,TDP-43 KD - i3 Corti,> 10%
ICA1,ENSG00000003147,non-NMD rescued,N.S.,TDP-43 KD - i3 Corti,> 10%
TSPOAP1,ENSG00000005379,non-NMD rescued,N.S.,TDP-43 KD - i3 Corti,> 10%
SYT7,ENSG00000011347,non-NMD rescued,N.S.,TDP-43 KD - i3 Corti,> 70%
CLDN11,ENSG00000013297,NMD rescued,N.S.,TDP-43 KD - i3 Corti,Dark cryptic
MNAT1,ENSG00000020426,NMD rescued,downregulated,TDP-43 KD - i3 Corti,> 30%
NRXN3,ENSG00000021645,non-NMD rescued,N.S.,TDP-43 KD - i3 Corti,> 10%
ZFP64,ENSG00000020256,NMD rescued,N.S.,TDP-43 KD - i3 Corti,Dark cryptic
RNASET2,ENSG00000026297,NMD rescued,downregulated,TDP-43 KD - i3 Corti,Dark cryptic
AGPAT4,ENSG00000026652,non-NMD rescued,N.S.,TDP-43 KD - i3 Corti,> 70%
POU2F2,ENSG00000028277,NMD rescued,downregulated,TDP-43 KD - i3 Corti,> 30%
HDAC9,ENSG00000048052,NMD rescued,N.S.,TDP-43 KD - i3 Corti,Dark cryptic
ZNF800,ENSG00000048405,NMD rescued,N.S.,TDP-43 KD - i3 Corti,Dark cryptic
RSF1,ENSG00000048649,NMD rescued,N.S.,TDP-43 KD - i3 Corti,> 10%
MPHOSPH9,ENSG00000051825,NMD rescued,N.S.,TDP-43 KD - i3 Corti,Dark cryptic
FOXN3,ENSG00000053254,non-NMD rescued,N.S.,TDP-43 KD - i3 Corti,Dark cryptic
USP36,ENSG00000055483,non-NMD rescued,N.S.,TDP-43 KD - i3 Corti,> 30%
USP36,ENSG00000055483,NMD rescued,N.S.,TDP-43 KD - i3 Corti,> 30%
CAMK2B,ENSG00000058404,NMD rescued,downregulated,TDP-43 KD - i3 Corti,> 30%
CAMK2B,ENSG00000058404,non-NMD rescued,downregulated,TDP-43 KD - i3 Corti,> 30%
CDON,ENSG00000064309,non-NMD rescued,N.S.,TDP-43 KD - i3 Corti,> 10%
ZFAT,ENSG00000066827,NMD rescued,N.S.,TDP-43 KD - i3 Corti,Dark cryptic
PFKP,ENSG00000067057,non-NMD rescued,downregulated,TDP-43 KD - i3 Corti,> 70%
P4HA2,ENSG00000072682,NMD rescued,N.S.,TDP-43 KD - i3 Corti,Dark cryptic
ADGRL1,ENSG00000072071,non-NMD rescued,N.S.,TDP-43 KD - i3 Corti,> 10%
SPEG,ENSG00000072195,non-NMD rescued,N.S.,TDP-43 KD - i3 Corti,> 30%
CTTNBP2,ENSG00000077063,NMD rescued,N.S.,TDP-43 KD - i3 Corti,Dark cryptic
CIC,ENSG00000079432,non-NMD rescued,N.S.,TDP-43 KD - i3 Corti,Dark cryptic
SAR1A,ENSG00000079332,non-NMD rescued,N.S.,TDP-43 KD - i3 Corti,Dark cryptic
KIAA0141,ENSG00000081791,NMD rescued,N.S.,TDP-43 KD - i3 Corti,Dark cryptic
PHACTR3,ENSG00000087495,non-NMD rescued,N.S.,TDP-43 KD - i3 Corti,Dark cryptic
CRLS1,ENSG00000088766,non-NMD rescued,N.S.,TDP-43 KD - i3 Corti,Dark cryptic
MAPKAPK5,ENSG00000089022,non-NMD rescued,N.S.,TDP-43 KD - i3 Corti,> 30%
MAPKAPK5,ENSG00000089022,NMD rescued,N.S.,TDP-43 KD - i3 Corti,> 30%
KDM2B,ENSG00000089094,NMD rescued,N.S.,TDP-43 KD - i3 Corti,Dark cryptic
GRAMD1A,ENSG00000089351,non-NMD rescued, upregulated,TDP-43 KD - i3 Corti,> 10%
CHGB,ENSG00000089199,non-NMD rescued,N.S.,TDP-43 KD - i3 Corti,> 10%
G2E3,ENSG00000092140,non-NMD rescued,N.S.,TDP-43 KD - i3 Corti,> 10%
HDAC6,ENSG00000094631,NMD rescued,N.S.,TDP-43 KD - i3 Corti,Dark cryptic
CRTAC1,ENSG00000095713,non-NMD rescued, upregulated,TDP-43 KD - i3 Corti,> 10%
GOLGA7B,ENSG00000155265,non-NMD rescued,N.S.,TDP-43 KD - i3 Corti,> 10%
SEZ6L,ENSG00000100095,NMD rescued,N.S.,TDP-43 KD - i3 Corti,Dark cryptic
GSS,ENSG00000100983,non-NMD rescued,N.S.,TDP-43 KD - i3 Corti,> 10%
PCSK1N,ENSG00000102109,NMD rescued,N.S.,TDP-43 KD - i3 Corti,> 10%
PCSK1N,ENSG00000102109,non-NMD rescued,N.S.,TDP-43 KD - i3 Corti,> 10%
MON1B,ENSG00000103111,non-NMD rescued,N.S.,TDP-43 KD - i3 Corti,> 10%
NECAB2,ENSG00000103154,non-NMD rescued, upregulated,TDP-43 KD - i3 Corti,> 30%
RPGRIP1L,ENSG00000103494,NMD rescued,N.S.,TDP-43 KD - i3 Corti,Dark cryptic
IKBKB,ENSG00000104365,non-NMD rescued,N.S.,TDP-43 KD - i3 Corti,> 10%
EIF3E,ENSG00000104408,NMD rescued,N.S.,TDP-43 KD - i3 Corti,Dark cryptic
RUNDC3B,ENSG00000105784,non-NMD rescued,N.S.,TDP-43 KD - i3 Corti,> 10%
RASA4,ENSG00000105808,non-NMD rescued,N.S.,TDP-43 KD - i3 Corti,> 10%
PHF12,ENSG00000109118,non-NMD rescued,N.S.,TDP-43 KD - i3 Corti,> 10%
NFKB1,ENSG00000109320,NMD rescued,N.S.,TDP-43 KD - i3 Corti,Dark cryptic
MPP2,ENSG00000108852,non-NMD rescued,N.S.,TDP-43 KD - i3 Corti,> 10%
KIAA1549L,ENSG00000110427,non-NMD rescued,N.S.,TDP-43 KD - i3 Corti,> 10%
CEP72,ENSG00000112877,non-NMD rescued,downregulated,TDP-43 KD - i3 Corti,> 10%
CEP72,ENSG00000112877,NMD rescued,downregulated,TDP-43 KD - i3 Corti,> 10%
PDE10A,ENSG00000112541,NMD rescued,downregulated,TDP-43 KD - i3 Corti,Dark cryptic
FAM120B,ENSG00000112584,non-NMD rescued,N.S.,TDP-43 KD - i3 Corti,> 10%
IK,ENSG00000113141,NMD rescued,N.S.,TDP-43 KD - i3 Corti,> 10%
FRMD4B,ENSG00000114541,NMD rescued,N.S.,TDP-43 KD - i3 Corti,> 50%
KIAA1324,ENSG00000116299,NMD rescued, upregulated,TDP-43 KD - i3 Corti,> 30%
IGSF21,ENSG00000117154,NMD rescued,downregulated,TDP-43 KD - i3 Corti,> 30%
SLC8A2,ENSG00000118160,non-NMD rescued,N.S.,TDP-43 KD - i3 Corti,> 10%
DCAF4,ENSG00000119599,NMD rescued,N.S.,TDP-43 KD - i3 Corti,Dark cryptic
KCNIP2,ENSG00000120049,non-NMD rescued,N.S.,TDP-43 KD - i3 Corti,> 10%
FKBP1B,ENSG00000119782,non-NMD rescued,N.S.,TDP-43 KD - i3 Corti,> 10%
PLXDC2,ENSG00000120594,non-NMD rescued,N.S.,TDP-43 KD - i3 Corti,> 30%
GPSM2,ENSG00000121957,non-NMD rescued,N.S.,TDP-43 KD - i3 Corti,> 50%
ADGRB2,ENSG00000121753,NMD rescued,N.S.,TDP-43 KD - i3 Corti,Dark cryptic
HPCA,ENSG00000121905,NMD rescued,N.S.,TDP-43 KD - i3 Corti,> 10%
C7orf49,ENSG00000122783,NMD rescued,N.S.,TDP-43 KD - i3 Corti,Dark cryptic
CDKN1A,ENSG00000124762,NMD rescued,N.S.,TDP-43 KD - i3 Corti,Dark cryptic
RALY,ENSG00000125970,non-NMD rescued,N.S.,TDP-43 KD - i3 Corti,> 10%
TMEM175,ENSG00000127419,non-NMD rescued,N.S.,TDP-43 KD - i3 Corti,> 10%
PIN1,ENSG00000127445,non-NMD rescued,N.S.,TDP-43 KD - i3 Corti,> 10%
ZNF780B,ENSG00000128000,non-NMD rescued,N.S.,TDP-43 KD - i3 Corti,> 10%
KNSTRN,ENSG00000128944,non-NMD rescued,N.S.,TDP-43 KD - i3 Corti,> 10%
SERGEF,ENSG00000129158,non-NMD rescued,N.S.,TDP-43 KD - i3 Corti,> 10%
ARHGAP22,ENSG00000128805,non-NMD rescued, upregulated,TDP-43 KD - i3 Corti,> 50%
ERMARD,ENSG00000130023,NMD rescued,downregulated,TDP-43 KD - i3 Corti,Dark cryptic
PXDN,ENSG00000130508,non-NMD rescued,N.S.,TDP-43 KD - i3 Corti,> 30%
SYNE1,ENSG00000131018,NMD rescued,N.S.,TDP-43 KD - i3 Corti,> 10%
CASZ1,ENSG00000130940,non-NMD rescued, upregulated,TDP-43 KD - i3 Corti,> 10%
ZNF141,ENSG00000131127,NMD rescued,N.S.,TDP-43 KD - i3 Corti,Dark cryptic
NUP210,ENSG00000132182,NMD rescued,downregulated,TDP-43 KD - i3 Corti,> 10%
RIN2,ENSG00000132669,non-NMD rescued,N.S.,TDP-43 KD - i3 Corti,> 10%
SCLY,ENSG00000132330,NMD rescued,N.S.,TDP-43 KD - i3 Corti,Dark cryptic
TPGS2,ENSG00000134779,non-NMD rescued,N.S.,TDP-43 KD - i3 Corti,> 10%
ITGA7,ENSG00000135424,non-NMD rescued,N.S.,TDP-43 KD - i3 Corti,> 30%
DTX1,ENSG00000135144,NMD rescued,N.S.,TDP-43 KD - i3 Corti,> 10%
IL11RA,ENSG00000137070,NMD rescued, upregulated,TDP-43 KD - i3 Corti,Dark cryptic
ACTR1A,ENSG00000138107,NMD rescued,N.S.,TDP-43 KD - i3 Corti,Dark cryptic
MFSD13A,ENSG00000138111,NMD rescued,N.S.,TDP-43 KD - i3 Corti,Dark cryptic
SEMA6D,ENSG00000137872,non-NMD rescued, upregulated,TDP-43 KD - i3 Corti,> 10%
SSFA2,ENSG00000138434,NMD rescued,N.S.,TDP-43 KD - i3 Corti,Dark cryptic
SSFA2,ENSG00000138434,non-NMD rescued,N.S.,TDP-43 KD - i3 Corti,Dark cryptic
KIF21A,ENSG00000139116,non-NMD rescued,N.S.,TDP-43 KD - i3 Corti,> 10%
GRTP1,ENSG00000139835,non-NMD rescued,downregulated,TDP-43 KD - i3 Corti,> 10%
NKD1,ENSG00000140807,NMD rescued,N.S.,TDP-43 KD - i3 Corti,> 30%
FBN3,ENSG00000142449,NMD rescued,downregulated,TDP-43 KD - i3 Corti,> 70%
EIF2D,ENSG00000143486,NMD rescued,N.S.,TDP-43 KD - i3 Corti,Dark cryptic
VASH2,ENSG00000143494,NMD rescued,N.S.,TDP-43 KD - i3 Corti,Dark cryptic
CNGA3,ENSG00000144191,non-NMD rescued,N.S.,TDP-43 KD - i3 Corti,> 10%
MBOAT2,ENSG00000143797,NMD rescued,N.S.,TDP-43 KD - i3 Corti,Dark cryptic
TIFA,ENSG00000145365,NMD rescued,downregulated,TDP-43 KD - i3 Corti,Dark cryptic
G3BP1,ENSG00000145907,non-NMD rescued,downregulated,TDP-43 KD - i3 Corti,> 30%
MMS22L,ENSG00000146263,NMD rescued,N.S.,TDP-43 KD - i3 Corti,Dark cryptic
C9orf72,ENSG00000147894,NMD rescued,N.S.,TDP-43 KD - i3 Corti,Dark cryptic
FEZ1,ENSG00000149557,non-NMD rescued,N.S.,TDP-43 KD - i3 Corti,> 30%
CAMK2G,ENSG00000148660,non-NMD rescued,N.S.,TDP-43 KD - i3 Corti,Dark cryptic
LRRC27,ENSG00000148814,non-NMD rescued,downregulated,TDP-43 KD - i3 Corti,> 10%
DOCK1,ENSG00000150760,NMD rescued,downregulated,TDP-43 KD - i3 Corti,> 50%
DLG5,ENSG00000151208,non-NMD rescued,N.S.,TDP-43 KD - i3 Corti,> 10%
SOGA1,ENSG00000149639,NMD rescued,N.S.,TDP-43 KD - i3 Corti,Dark cryptic
CACNA1C,ENSG00000151067,NMD rescued,N.S.,TDP-43 KD - i3 Corti,> 10%
CACNA1C,ENSG00000151067,non-NMD rescued,N.S.,TDP-43 KD - i3 Corti,> 10%
DCLRE1C,ENSG00000152457,NMD rescued,N.S.,TDP-43 KD - i3 Corti,Dark cryptic
BCL2L11,ENSG00000153094,NMD rescued,N.S.,TDP-43 KD - i3 Corti,> 10%
FGD5,ENSG00000154783,non-NMD rescued,N.S.,TDP-43 KD - i3 Corti,> 10%
PTPRD,ENSG00000153707,non-NMD rescued,N.S.,TDP-43 KD - i3 Corti,> 50%
UBASH3B,ENSG00000154127,non-NMD rescued, upregulated,TDP-43 KD - i3 Corti,> 30%
UNC5D,ENSG00000156687,NMD rescued, upregulated,TDP-43 KD - i3 Corti,> 10%
ADCY8,ENSG00000155897,non-NMD rescued,N.S.,TDP-43 KD - i3 Corti,> 50%
ADCY8,ENSG00000155897,NMD rescued,N.S.,TDP-43 KD - i3 Corti,> 50%
CACNA1D,ENSG00000157388,non-NMD rescued,N.S.,TDP-43 KD - i3 Corti,> 10%
FAM81A,ENSG00000157470,NMD rescued, upregulated,TDP-43 KD - i3 Corti,> 30%
LRP8,ENSG00000157193,NMD rescued,N.S.,TDP-43 KD - i3 Corti,Dark cryptic
KALRN,ENSG00000160145,non-NMD rescued,downregulated,TDP-43 KD - i3 Corti,> 50%
PDE9A,ENSG00000160191,NMD rescued, upregulated,TDP-43 KD - i3 Corti,> 50%
LSS,ENSG00000160285,NMD rescued,N.S.,TDP-43 KD - i3 Corti,Dark cryptic
CELF5,ENSG00000161082,NMD rescued,downregulated,TDP-43 KD - i3 Corti,> 30%
CELF5,ENSG00000161082,non-NMD rescued,downregulated,TDP-43 KD - i3 Corti,> 30%
PGAP3,ENSG00000161395,NMD rescued,N.S.,TDP-43 KD - i3 Corti,Dark cryptic
ZNF382,ENSG00000161298,NMD rescued,N.S.,TDP-43 KD - i3 Corti,> 30%
SFMBT1,ENSG00000163935,NMD rescued,N.S.,TDP-43 KD - i3 Corti,Dark cryptic
MFSD8,ENSG00000164073,NMD rescued,N.S.,TDP-43 KD - i3 Corti,Dark cryptic
INTS8,ENSG00000164941,non-NMD rescued,N.S.,TDP-43 KD - i3 Corti,Dark cryptic
SUN1,ENSG00000164828,non-NMD rescued,N.S.,TDP-43 KD - i3 Corti,Dark cryptic
GET4,ENSG00000239857,non-NMD rescued,N.S.,TDP-43 KD - i3 Corti,Dark cryptic
TMUB1,ENSG00000164897,NMD rescued,N.S.,TDP-43 KD - i3 Corti,Dark cryptic
ZFYVE1,ENSG00000165861,NMD rescued,N.S.,TDP-43 KD - i3 Corti,Dark cryptic
CLMN,ENSG00000165959,NMD rescued,N.S.,TDP-43 KD - i3 Corti,Dark cryptic
GPT2,ENSG00000166123,non-NMD rescued,N.S.,TDP-43 KD - i3 Corti,> 10%
XRRA1,ENSG00000166435,non-NMD rescued,N.S.,TDP-43 KD - i3 Corti,> 10%
XRRA1,ENSG00000166435,NMD rescued,N.S.,TDP-43 KD - i3 Corti,> 10%
ST5,ENSG00000166444,NMD rescued,N.S.,TDP-43 KD - i3 Corti,> 10%
ATF7IP2,ENSG00000166669,NMD rescued,N.S.,TDP-43 KD - i3 Corti,Dark cryptic
HDGFL2,ENSG00000167674,non-NMD rescued,N.S.,TDP-43 KD - i3 Corti,> 30%
LRP1B,ENSG00000168702,non-NMD rescued,N.S.,TDP-43 KD - i3 Corti,Dark cryptic
ZNF608,ENSG00000168916,non-NMD rescued,N.S.,TDP-43 KD - i3 Corti,> 10%
DHRSX,ENSG00000169084,NMD rescued,N.S.,TDP-43 KD - i3 Corti,Dark cryptic
ARL13B,ENSG00000169379,non-NMD rescued,N.S.,TDP-43 KD - i3 Corti,Dark cryptic
LINGO1,ENSG00000169783,non-NMD rescued,N.S.,TDP-43 KD - i3 Corti,> 30%
ONECUT1,ENSG00000169856,non-NMD rescued,N.S.,TDP-43 KD - i3 Corti,> 50%
ONECUT1,ENSG00000169856,NMD rescued,N.S.,TDP-43 KD - i3 Corti,> 50%
CHRNB1,ENSG00000170175,non-NMD rescued,N.S.,TDP-43 KD - i3 Corti,> 30%
DLGAP1,ENSG00000170579,non-NMD rescued,N.S.,TDP-43 KD - i3 Corti,> 30%
DLGAP1,ENSG00000170579,NMD rescued,N.S.,TDP-43 KD - i3 Corti,> 30%
INSR,ENSG00000171105,non-NMD rescued,downregulated,TDP-43 KD - i3 Corti,> 30%
INSR,ENSG00000171105,NMD rescued,downregulated,TDP-43 KD - i3 Corti,> 30%
CAMTA1,ENSG00000171735,non-NMD rescued,N.S.,TDP-43 KD - i3 Corti,> 10%
KNDC1,ENSG00000171798,non-NMD rescued,N.S.,TDP-43 KD - i3 Corti,> 10%
HINFP,ENSG00000172273,NMD rescued,N.S.,TDP-43 KD - i3 Corti,Dark cryptic
NADSYN1,ENSG00000172890,NMD rescued,N.S.,TDP-43 KD - i3 Corti,> 30%
PEAK1,ENSG00000173517,NMD rescued,N.S.,TDP-43 KD - i3 Corti,Dark cryptic
HAP1,ENSG00000173805,NMD rescued,N.S.,TDP-43 KD - i3 Corti,Dark cryptic
BOK,ENSG00000176720,non-NMD rescued,N.S.,TDP-43 KD - i3 Corti,> 10%
ZBTB38,ENSG00000177311,non-NMD rescued,N.S.,TDP-43 KD - i3 Corti,> 10%
CDH4,ENSG00000179242,non-NMD rescued,downregulated,TDP-43 KD - i3 Corti,> 10%
GAK,ENSG00000178950,non-NMD rescued,N.S.,TDP-43 KD - i3 Corti,> 10%
C14orf28,ENSG00000179476,NMD rescued,N.S.,TDP-43 KD - i3 Corti,Dark cryptic
SLC26A11,ENSG00000181045,non-NMD rescued,N.S.,TDP-43 KD - i3 Corti,> 10%
MAP6D1,ENSG00000180834,NMD rescued,N.S.,TDP-43 KD - i3 Corti,> 30%
ADGRB1,ENSG00000181790,non-NMD rescued,N.S.,TDP-43 KD - i3 Corti,> 10%
GPC6,ENSG00000183098,NMD rescued,N.S.,TDP-43 KD - i3 Corti,Dark cryptic
EPHA10,ENSG00000183317,NMD rescued,N.S.,TDP-43 KD - i3 Corti,Dark cryptic
FAM227A,ENSG00000184949,non-NMD rescued,N.S.,TDP-43 KD - i3 Corti,> 10%
SLC24A3,ENSG00000185052,NMD rescued,N.S.,TDP-43 KD - i3 Corti,> 30%
ARL15,ENSG00000185305,non-NMD rescued,N.S.,TDP-43 KD - i3 Corti,> 10%
PTCH1,ENSG00000185920,NMD rescued,N.S.,TDP-43 KD - i3 Corti,Dark cryptic
SYN3,ENSG00000185666,non-NMD rescued,N.S.,TDP-43 KD - i3 Corti,> 10%
ADARB2,ENSG00000185736,non-NMD rescued,downregulated,TDP-43 KD - i3 Corti,> 50%
SEMA4D,ENSG00000187764,non-NMD rescued,N.S.,TDP-43 KD - i3 Corti,> 10%
RALGAPA2,ENSG00000188559,non-NMD rescued,downregulated,TDP-43 KD - i3 Corti,> 10%
MYO18A,ENSG00000196535,NMD rescued,N.S.,TDP-43 KD - i3 Corti,> 30%
MYO18A,ENSG00000196535,non-NMD rescued,N.S.,TDP-43 KD - i3 Corti,> 30%
SCOC-AS1,ENSG00000196951,non-NMD rescued,N.S.,TDP-43 KD - i3 Corti,> 10%
TRRAP,ENSG00000196367,non-NMD rescued,N.S.,TDP-43 KD - i3 Corti,> 30%
ZNF100,ENSG00000197020,NMD rescued,N.S.,TDP-43 KD - i3 Corti,Dark cryptic
PHF2,ENSG00000197724,non-NMD rescued,N.S.,TDP-43 KD - i3 Corti,> 50%
UNC13B,ENSG00000198722,non-NMD rescued,downregulated,TDP-43 KD - i3 Corti,> 10%
ZNF521,ENSG00000198795,non-NMD rescued,downregulated,TDP-43 KD - i3 Corti,> 10%
ZNF521,ENSG00000198795,NMD rescued,downregulated,TDP-43 KD - i3 Corti,> 10%
ZNF43,ENSG00000198521,NMD rescued,N.S.,TDP-43 KD - i3 Corti,Dark cryptic
ZNF789,ENSG00000198556,NMD rescued,N.S.,TDP-43 KD - i3 Corti,Dark cryptic
RYR2,ENSG00000198626,non-NMD rescued,N.S.,TDP-43 KD - i3 Corti,> 10%
CEP290,ENSG00000198707,NMD rescued,downregulated,TDP-43 KD - i3 Corti,> 30%
L1CAM,ENSG00000198910,NMD rescued,N.S.,TDP-43 KD - i3 Corti,Dark cryptic
CFAP206,ENSG00000272514,NMD rescued,downregulated,TDP-43 KD - i3 Corti,> 10%
BX322639.1,ENSG00000215146,NMD rescued,N.S.,TDP-43 KD - i3 Corti,Dark cryptic
NYNRIN,ENSG00000205978,NMD rescued, upregulated,TDP-43 KD - i3 Corti,> 70%
CCDC18-AS1,ENSG00000223745,NMD rescued,N.S.,TDP-43 KD - i3 Corti,Dark cryptic
NPEPL1,ENSG00000215440,non-NMD rescued,N.S.,TDP-43 KD - i3 Corti,> 30%
STX16-NPEPL1,ENSG00000254995,non-NMD rescued,downregulated,TDP-43 KD - i3 Corti,> 30%
FAM66C,ENSG00000226711,NMD rescued,N.S.,TDP-43 KD - i3 Corti,> 30%
LINC02202,ENSG00000245812,NMD rescued,N.S.,TDP-43 KD - i3 Corti,Dark cryptic
LINC01021,ENSG00000250337,NMD rescued,N.S.,TDP-43 KD - i3 Corti,Dark cryptic
RAB30-AS1,ENSG00000246067,NMD rescued,N.S.,TDP-43 KD - i3 Corti,Dark cryptic
SNAI3-AS1,ENSG00000260630,NMD rescued,N.S.,TDP-43 KD - i3 Corti,Dark cryptic
RNF115,ENSG00000265491,non-NMD rescued,N.S.,TDP-43 KD - i3 Corti,> 10%
AC004706.4,ENSG00000282936,NMD rescued,downregulated,TDP-43 KD - i3 Corti,> 10%
AC010642.2,ENSG00000283103,NMD rescued,downregulated,TDP-43 KD - i3 Corti,Dark cryptic
CASC15,ENSG00000272168,non-NMD rescued,N.S.,TDP-43 KD - i3 Corti,> 10%
"",ENSG00000286104,non-NMD rescued, upregulated,TDP-43 KD - i3 Corti,> 10%
"",ENSG00000285219,non-NMD rescued,N.S.,TDP-43 KD - i3 Corti,> 30%
"",ENSG00000285219,NMD rescued,N.S.,TDP-43 KD - i3 Corti,> 30%
MAD1L1,ENSG00000002822,NMD rescued,N.S., TDP-43 KD - SH-SY5Y,Dark cryptic
"",ENSG00000286192,NMD rescued,N.S., TDP-43 KD - SH-SY5Y,Dark cryptic
KLHL13,ENSG00000003096,non-NMD rescued,N.S., TDP-43 KD - SH-SY5Y,> 10%
STPG1,ENSG00000001460,NMD rescued,N.S., TDP-43 KD - SH-SY5Y,Dark cryptic
MCUB,ENSG00000005059,NMD rescued,downregulated, TDP-43 KD - SH-SY5Y,> 10%
COPZ2,ENSG00000005243,NMD rescued,N.S., TDP-43 KD - SH-SY5Y,Dark cryptic
MTMR7,ENSG00000003987,NMD rescued,downregulated, TDP-43 KD - SH-SY5Y,Dark cryptic
ARHGAP33,ENSG00000004777,NMD rescued,downregulated, TDP-43 KD - SH-SY5Y,Dark cryptic
FAM214B,ENSG00000005238,NMD rescued,N.S., TDP-43 KD - SH-SY5Y,Dark cryptic
CROT,ENSG00000005469,non-NMD rescued,N.S., TDP-43 KD - SH-SY5Y,> 10%
ZNF195,ENSG00000005801,non-NMD rescued,N.S., TDP-43 KD - SH-SY5Y,> 10%
ITGA3,ENSG00000005884,NMD rescued,N.S., TDP-43 KD - SH-SY5Y,> 10%
TMEM132A,ENSG00000006118,NMD rescued,N.S., TDP-43 KD - SH-SY5Y,Dark cryptic
KIAA0100,ENSG00000007202,NMD rescued,N.S., TDP-43 KD - SH-SY5Y,Dark cryptic
CRAMP1,ENSG00000007545,NMD rescued,N.S., TDP-43 KD - SH-SY5Y,Dark cryptic
CELSR3,ENSG00000008300,NMD rescued,N.S., TDP-43 KD - SH-SY5Y,Dark cryptic
MPND,ENSG00000008382,NMD rescued,N.S., TDP-43 KD - SH-SY5Y,Dark cryptic
NFIX,ENSG00000008441,NMD rescued,downregulated, TDP-43 KD - SH-SY5Y,> 30%
TTC19,ENSG00000011295,NMD rescued,downregulated, TDP-43 KD - SH-SY5Y,Dark cryptic
RABGAP1,ENSG00000011454,NMD rescued,N.S., TDP-43 KD - SH-SY5Y,Dark cryptic
XYLT2,ENSG00000015532,NMD rescued,N.S., TDP-43 KD - SH-SY5Y,Dark cryptic
MVP,ENSG00000013364,NMD rescued,N.S., TDP-43 KD - SH-SY5Y,> 10%
SERPINB1,ENSG00000021355,NMD rescued,N.S., TDP-43 KD - SH-SY5Y,Dark cryptic
RALBP1,ENSG00000017797,NMD rescued,N.S., TDP-43 KD - SH-SY5Y,Dark cryptic
RB1CC1,ENSG00000023287,non-NMD rescued, upregulated, TDP-43 KD - SH-SY5Y,> 10%
AGPAT4,ENSG00000026652,NMD rescued,N.S., TDP-43 KD - SH-SY5Y,Dark cryptic
ANK1,ENSG00000029534,non-NMD rescued,N.S., TDP-43 KD - SH-SY5Y,> 10%
ATP6V0A1,ENSG00000033627,NMD rescued,N.S., TDP-43 KD - SH-SY5Y,Dark cryptic
DEPDC1B,ENSG00000035499,NMD rescued,N.S., TDP-43 KD - SH-SY5Y,Dark cryptic
TRIO,ENSG00000038382,non-NMD rescued,N.S., TDP-43 KD - SH-SY5Y,> 10%
THAP3,ENSG00000041988,NMD rescued,N.S., TDP-43 KD - SH-SY5Y,Dark cryptic
WDR37,ENSG00000047056,NMD rescued,N.S., TDP-43 KD - SH-SY5Y,> 10%
WDR37,ENSG00000047056,non-NMD rescued,N.S., TDP-43 KD - SH-SY5Y,> 10%
USP28,ENSG00000048028,NMD rescued,N.S., TDP-43 KD - SH-SY5Y,Dark cryptic
RSF1,ENSG00000048649,non-NMD rescued,N.S., TDP-43 KD - SH-SY5Y,> 10%
CBLN4,ENSG00000054803,NMD rescued, upregulated, TDP-43 KD - SH-SY5Y,> 10%
CYFIP2,ENSG00000055163,NMD rescued,downregulated, TDP-43 KD - SH-SY5Y,Dark cryptic
TTC17,ENSG00000052841,NMD rescued,N.S., TDP-43 KD - SH-SY5Y,Dark cryptic
KMT2C,ENSG00000055609,NMD rescued,N.S., TDP-43 KD - SH-SY5Y,Dark cryptic
USP13,ENSG00000058056,NMD rescued,downregulated, TDP-43 KD - SH-SY5Y,Dark cryptic
FAM114A2,ENSG00000055147,NMD rescued, upregulated, TDP-43 KD - SH-SY5Y,> 30%
FAM114A2,ENSG00000055147,non-NMD rescued, upregulated, TDP-43 KD - SH-SY5Y,> 30%
RC3H2,ENSG00000056586,NMD rescued,N.S., TDP-43 KD - SH-SY5Y,Dark cryptic
PSD,ENSG00000059915,NMD rescued,N.S., TDP-43 KD - SH-SY5Y,> 70%
PTPRU,ENSG00000060656,NMD rescued,N.S., TDP-43 KD - SH-SY5Y,Dark cryptic
LIMCH1,ENSG00000064042,NMD rescued,N.S., TDP-43 KD - SH-SY5Y,Dark cryptic
UHRF1BP1,ENSG00000065060,NMD rescued,downregulated, TDP-43 KD - SH-SY5Y,Dark cryptic
SEC61A2,ENSG00000065665,NMD rescued,downregulated, TDP-43 KD - SH-SY5Y,Dark cryptic
PFKP,ENSG00000067057,NMD rescued,downregulated, TDP-43 KD - SH-SY5Y,> 70%
EVI5,ENSG00000067208,NMD rescued,N.S., TDP-43 KD - SH-SY5Y,> 30%
PLEKHH3,ENSG00000068137,NMD rescued,N.S., TDP-43 KD - SH-SY5Y,Dark cryptic
INPP5A,ENSG00000068383,NMD rescued,downregulated, TDP-43 KD - SH-SY5Y,Dark cryptic
TTC7A,ENSG00000068724,non-NMD rescued,N.S., TDP-43 KD - SH-SY5Y,Dark cryptic
TTC7A,ENSG00000068724,NMD rescued,N.S., TDP-43 KD - SH-SY5Y,Dark cryptic
ATP11A,ENSG00000068650,NMD rescued,downregulated, TDP-43 KD - SH-SY5Y,Dark cryptic
TMEM260,ENSG00000070269,NMD rescued,N.S., TDP-43 KD - SH-SY5Y,Dark cryptic
SMG6,ENSG00000070366,NMD rescued,N.S., TDP-43 KD - SH-SY5Y,Dark cryptic
VASH1,ENSG00000071246,NMD rescued,downregulated, TDP-43 KD - SH-SY5Y,Dark cryptic
MARK2,ENSG00000072518,NMD rescued,N.S., TDP-43 KD - SH-SY5Y,Dark cryptic
CRMP1,ENSG00000072832,NMD rescued,downregulated, TDP-43 KD - SH-SY5Y,Dark cryptic
PPP2R3A,ENSG00000073711,NMD rescued,N.S., TDP-43 KD - SH-SY5Y,Dark cryptic
FRY,ENSG00000073910,NMD rescued,N.S., TDP-43 KD - SH-SY5Y,Dark cryptic
CDHR2,ENSG00000074276,NMD rescued,N.S., TDP-43 KD - SH-SY5Y,Dark cryptic
KCNQ2,ENSG00000075043,non-NMD rescued,N.S., TDP-43 KD - SH-SY5Y,> 10%
EIF4G3,ENSG00000075151,NMD rescued,N.S., TDP-43 KD - SH-SY5Y,> 10%
EIF4G3,ENSG00000075151,non-NMD rescued,N.S., TDP-43 KD - SH-SY5Y,> 10%
RBMS2,ENSG00000076067,NMD rescued,N.S., TDP-43 KD - SH-SY5Y,Dark cryptic
ACTL6B,ENSG00000077080,NMD rescued,downregulated, TDP-43 KD - SH-SY5Y,> 70%
FGFR1,ENSG00000077782,NMD rescued,N.S., TDP-43 KD - SH-SY5Y,> 30%
MAP2,ENSG00000078018,NMD rescued,N.S., TDP-43 KD - SH-SY5Y,Dark cryptic
RAP1GAP,ENSG00000076864,non-NMD rescued,downregulated, TDP-43 KD - SH-SY5Y,> 50%
DGKD,ENSG00000077044,NMD rescued,N.S., TDP-43 KD - SH-SY5Y,Dark cryptic
ADCYAP1R1,ENSG00000078549,NMD rescued,N.S., TDP-43 KD - SH-SY5Y,Dark cryptic
CBFA2T2,ENSG00000078699,NMD rescued,N.S., TDP-43 KD - SH-SY5Y,Dark cryptic
SLC35C2,ENSG00000080189,NMD rescued,N.S., TDP-43 KD - SH-SY5Y,> 10%
EPHA6,ENSG00000080224,NMD rescued,N.S., TDP-43 KD - SH-SY5Y,Dark cryptic
RFX3,ENSG00000080298,NMD rescued,N.S., TDP-43 KD - SH-SY5Y,Dark cryptic
DLGAP4,ENSG00000080845,non-NMD rescued,N.S., TDP-43 KD - SH-SY5Y,Dark cryptic
DELE1,ENSG00000081791,non-NMD rescued,N.S., TDP-43 KD - SH-SY5Y,Dark cryptic
DELE1,ENSG00000081791,NMD rescued,N.S., TDP-43 KD - SH-SY5Y,Dark cryptic
SMARCD3,ENSG00000082014,NMD rescued,N.S., TDP-43 KD - SH-SY5Y,Dark cryptic
COBLL1,ENSG00000082438,NMD rescued, upregulated, TDP-43 KD - SH-SY5Y,Dark cryptic
TRAF5,ENSG00000082512,NMD rescued,N.S., TDP-43 KD - SH-SY5Y,Dark cryptic
NCOA1,ENSG00000084676,NMD rescued,N.S., TDP-43 KD - SH-SY5Y,Dark cryptic
DDHD2,ENSG00000085788,NMD rescued,N.S., TDP-43 KD - SH-SY5Y,Dark cryptic
UIMC1,ENSG00000087206,NMD rescued,N.S., TDP-43 KD - SH-SY5Y,Dark cryptic
ASAP3,ENSG00000088280,NMD rescued,N.S., TDP-43 KD - SH-SY5Y,Dark cryptic
DOCK9,ENSG00000088387,NMD rescued, upregulated, TDP-43 KD - SH-SY5Y,Dark cryptic
DNAAF9,ENSG00000088854,NMD rescued,downregulated, TDP-43 KD - SH-SY5Y,Dark cryptic
KDM2B,ENSG00000089094,NMD rescued,N.S., TDP-43 KD - SH-SY5Y,Dark cryptic
CHGB,ENSG00000089199,NMD rescued, upregulated, TDP-43 KD - SH-SY5Y,> 50%
MAEA,ENSG00000090316,NMD rescued,N.S., TDP-43 KD - SH-SY5Y,Dark cryptic
MAEA,ENSG00000090316,non-NMD rescued,N.S., TDP-43 KD - SH-SY5Y,Dark cryptic
CERS4,ENSG00000090661,non-NMD rescued,N.S., TDP-43 KD - SH-SY5Y,> 10%
AARS1,ENSG00000090861,non-NMD rescued,N.S., TDP-43 KD - SH-SY5Y,> 30%
NRCAM,ENSG00000091129,NMD rescued,downregulated, TDP-43 KD - SH-SY5Y,Dark cryptic
HECTD1,ENSG00000092148,non-NMD rescued,N.S., TDP-43 KD - SH-SY5Y,> 10%
NUP188,ENSG00000095319,NMD rescued,downregulated, TDP-43 KD - SH-SY5Y,> 70%
"",ENSG00000251184,NMD rescued,N.S., TDP-43 KD - SH-SY5Y,> 70%
SUCO,ENSG00000094975,NMD rescued,N.S., TDP-43 KD - SH-SY5Y,Dark cryptic
NUBP2,ENSG00000095906,NMD rescued,N.S., TDP-43 KD - SH-SY5Y,Dark cryptic
RANBP1,ENSG00000099901,NMD rescued,downregulated, TDP-43 KD - SH-SY5Y,> 70%
RANBP1,ENSG00000099901,non-NMD rescued,downregulated, TDP-43 KD - SH-SY5Y,> 70%
MYO9B,ENSG00000099331,NMD rescued,downregulated, TDP-43 KD - SH-SY5Y,> 70%
SETD1A,ENSG00000099381,non-NMD rescued,N.S., TDP-43 KD - SH-SY5Y,> 10%
CEP170B,ENSG00000099814,NMD rescued,downregulated, TDP-43 KD - SH-SY5Y,> 10%
PALM,ENSG00000099864,NMD rescued,downregulated, TDP-43 KD - SH-SY5Y,Dark cryptic
BCL2L13,ENSG00000099968,NMD rescued,N.S., TDP-43 KD - SH-SY5Y,> 10%
BCL2L13,ENSG00000099968,non-NMD rescued,N.S., TDP-43 KD - SH-SY5Y,> 10%
ASCC2,ENSG00000100325,NMD rescued,N.S., TDP-43 KD - SH-SY5Y,Dark cryptic
AP1B1,ENSG00000100280,NMD rescued,N.S., TDP-43 KD - SH-SY5Y,Dark cryptic
TTLL12,ENSG00000100304,NMD rescued,N.S., TDP-43 KD - SH-SY5Y,Dark cryptic
MTMR3,ENSG00000100330,NMD rescued,N.S., TDP-43 KD - SH-SY5Y,Dark cryptic
TNRC6B,ENSG00000100354,NMD rescued,N.S., TDP-43 KD - SH-SY5Y,Dark cryptic
POLE2,ENSG00000100479,NMD rescued,N.S., TDP-43 KD - SH-SY5Y,Dark cryptic
KIAA0586,ENSG00000100578,non-NMD rescued,N.S., TDP-43 KD - SH-SY5Y,> 10%
NIN,ENSG00000100503,non-NMD rescued,N.S., TDP-43 KD - SH-SY5Y,> 10%
CHD8,ENSG00000100888,NMD rescued,N.S., TDP-43 KD - SH-SY5Y,Dark cryptic
PABPC1L,ENSG00000101104,NMD rescued,N.S., TDP-43 KD - SH-SY5Y,Dark cryptic
TCFL5,ENSG00000101190,non-NMD rescued,N.S., TDP-43 KD - SH-SY5Y,> 10%
RBFA,ENSG00000101546,NMD rescued,N.S., TDP-43 KD - SH-SY5Y,Dark cryptic
APMAP,ENSG00000101474,NMD rescued,downregulated, TDP-43 KD - SH-SY5Y,Dark cryptic
CELF4,ENSG00000101489,NMD rescued,N.S., TDP-43 KD - SH-SY5Y,> 10%
CELF4,ENSG00000101489,non-NMD rescued,N.S., TDP-43 KD - SH-SY5Y,> 10%
ADNP2,ENSG00000101544,NMD rescued,N.S., TDP-43 KD - SH-SY5Y,Dark cryptic
TBL1X,ENSG00000101849,NMD rescued,N.S., TDP-43 KD - SH-SY5Y,Dark cryptic
POLI,ENSG00000101751,NMD rescued,N.S., TDP-43 KD - SH-SY5Y,> 10%
ALG13,ENSG00000101901,non-NMD rescued, upregulated, TDP-43 KD - SH-SY5Y,> 10%
ALG13,ENSG00000101901,NMD rescued, upregulated, TDP-43 KD - SH-SY5Y,> 10%
ABCD1,ENSG00000101986,NMD rescued,downregulated, TDP-43 KD - SH-SY5Y,> 10%
ABCD1,ENSG00000101986,non-NMD rescued,downregulated, TDP-43 KD - SH-SY5Y,> 10%
TAFAZZIN,ENSG00000102125,non-NMD rescued,N.S., TDP-43 KD - SH-SY5Y,Dark cryptic
PORCN,ENSG00000102312,NMD rescued,N.S., TDP-43 KD - SH-SY5Y,> 10%
VWA8,ENSG00000102763,NMD rescued,N.S., TDP-43 KD - SH-SY5Y,Dark cryptic
AXIN1,ENSG00000103126,NMD rescued,N.S., TDP-43 KD - SH-SY5Y,Dark cryptic
HSDL1,ENSG00000103160,NMD rescued,N.S., TDP-43 KD - SH-SY5Y,> 30%
USP10,ENSG00000103194,NMD rescued,N.S., TDP-43 KD - SH-SY5Y,> 10%
USP10,ENSG00000103194,non-NMD rescued,N.S., TDP-43 KD - SH-SY5Y,> 10%
ABCC1,ENSG00000103222,NMD rescued,N.S., TDP-43 KD - SH-SY5Y,Dark cryptic
GGA2,ENSG00000103365,NMD rescued,N.S., TDP-43 KD - SH-SY5Y,Dark cryptic
CORO7-PAM16,ENSG00000103426,NMD rescued,N.S., TDP-43 KD - SH-SY5Y,> 30%
CORO7,ENSG00000262246,NMD rescued,downregulated, TDP-43 KD - SH-SY5Y,> 30%
XYLT1,ENSG00000103489,NMD rescued,N.S., TDP-43 KD - SH-SY5Y,Dark cryptic
ZNF500,ENSG00000103199,non-NMD rescued,N.S., TDP-43 KD - SH-SY5Y,> 10%
SPG11,ENSG00000104133,NMD rescued,N.S., TDP-43 KD - SH-SY5Y,Dark cryptic
IKBKB,ENSG00000104365,NMD rescued,N.S., TDP-43 KD - SH-SY5Y,Dark cryptic
ERI1,ENSG00000104626,NMD rescued,N.S., TDP-43 KD - SH-SY5Y,Dark cryptic
PPP6R1,ENSG00000105063,NMD rescued,downregulated, TDP-43 KD - SH-SY5Y,> 10%
PPP6R1,ENSG00000105063,non-NMD rescued,downregulated, TDP-43 KD - SH-SY5Y,> 10%
DOT1L,ENSG00000104885,NMD rescued,N.S., TDP-43 KD - SH-SY5Y,Dark cryptic
VRK3,ENSG00000105053,NMD rescued,N.S., TDP-43 KD - SH-SY5Y,Dark cryptic
CARD8,ENSG00000105483,NMD rescued,N.S., TDP-43 KD - SH-SY5Y,Dark cryptic
MAST1,ENSG00000105613,non-NMD rescued,N.S., TDP-43 KD - SH-SY5Y,> 10%
MAST1,ENSG00000105613,NMD rescued,N.S., TDP-43 KD - SH-SY5Y,> 10%
SIPA1L3,ENSG00000105738,NMD rescued,N.S., TDP-43 KD - SH-SY5Y,Dark cryptic
DNAJB6,ENSG00000105993,NMD rescued,N.S., TDP-43 KD - SH-SY5Y,Dark cryptic
SNX8,ENSG00000106266,non-NMD rescued,N.S., TDP-43 KD - SH-SY5Y,> 10%
TAF6,ENSG00000106290,non-NMD rescued,N.S., TDP-43 KD - SH-SY5Y,> 10%
CRTC1,ENSG00000105662,non-NMD rescued,N.S., TDP-43 KD - SH-SY5Y,Dark cryptic
RBM28,ENSG00000106344,NMD rescued,N.S., TDP-43 KD - SH-SY5Y,Dark cryptic
ANKMY2,ENSG00000106524,NMD rescued,N.S., TDP-43 KD - SH-SY5Y,Dark cryptic
DNM1,ENSG00000106976,NMD rescued,N.S., TDP-43 KD - SH-SY5Y,> 10%
DNM1,ENSG00000106976,non-NMD rescued,N.S., TDP-43 KD - SH-SY5Y,> 10%
FUBP3,ENSG00000107164,NMD rescued,N.S., TDP-43 KD - SH-SY5Y,Dark cryptic
IQCE,ENSG00000106012,non-NMD rescued,N.S., TDP-43 KD - SH-SY5Y,> 70%
TRDMT1,ENSG00000107614,non-NMD rescued,N.S., TDP-43 KD - SH-SY5Y,> 10%
WASL,ENSG00000106299,NMD rescued,N.S., TDP-43 KD - SH-SY5Y,> 70%
USP42,ENSG00000106346,NMD rescued,N.S., TDP-43 KD - SH-SY5Y,Dark cryptic
NSMCE4A,ENSG00000107672,non-NMD rescued,N.S., TDP-43 KD - SH-SY5Y,> 10%
YKT6,ENSG00000106636,NMD rescued,N.S., TDP-43 KD - SH-SY5Y,Dark cryptic
HSD17B1,ENSG00000108786,NMD rescued,N.S., TDP-43 KD - SH-SY5Y,Dark cryptic
PTGES3L-AARSD1,ENSG00000108825,NMD rescued,N.S., TDP-43 KD - SH-SY5Y,Dark cryptic
DNMBP,ENSG00000107554,NMD rescued,N.S., TDP-43 KD - SH-SY5Y,Dark cryptic
LZTS2,ENSG00000107816,NMD rescued,N.S., TDP-43 KD - SH-SY5Y,Dark cryptic
ARHGAP21,ENSG00000107863,NMD rescued,N.S., TDP-43 KD - SH-SY5Y,Dark cryptic
ANKRD26,ENSG00000107890,NMD rescued,N.S., TDP-43 KD - SH-SY5Y,Dark cryptic
PHF12,ENSG00000109118,NMD rescued,N.S., TDP-43 KD - SH-SY5Y,Dark cryptic
DNAJC12,ENSG00000108176,NMD rescued,N.S., TDP-43 KD - SH-SY5Y,Dark cryptic
CLCN3,ENSG00000109572,NMD rescued,N.S., TDP-43 KD - SH-SY5Y,Dark cryptic
PIGL,ENSG00000108474,non-NMD rescued,N.S., TDP-43 KD - SH-SY5Y,> 10%
INTS2,ENSG00000108506,NMD rescued,N.S., TDP-43 KD - SH-SY5Y,Dark cryptic
MADD,ENSG00000110514,NMD rescued,downregulated, TDP-43 KD - SH-SY5Y,> 70%
NEIL3,ENSG00000109674,NMD rescued,downregulated, TDP-43 KD - SH-SY5Y,> 10%
SH3D19,ENSG00000109686,NMD rescued, upregulated, TDP-43 KD - SH-SY5Y,Dark cryptic
PUS3,ENSG00000110060,NMD rescued,N.S., TDP-43 KD - SH-SY5Y,Dark cryptic
DCPS,ENSG00000110063,NMD rescued,N.S., TDP-43 KD - SH-SY5Y,Dark cryptic
PPP6R3,ENSG00000110075,NMD rescued,N.S., TDP-43 KD - SH-SY5Y,Dark cryptic
RNGTT,ENSG00000111880,NMD rescued,N.S., TDP-43 KD - SH-SY5Y,Dark cryptic
PPARD,ENSG00000112033,NMD rescued,N.S., TDP-43 KD - SH-SY5Y,Dark cryptic
E2F3,ENSG00000112242,NMD rescued,downregulated, TDP-43 KD - SH-SY5Y,> 10%
PDE10A,ENSG00000112541,NMD rescued,downregulated, TDP-43 KD - SH-SY5Y,Dark cryptic
ACAD10,ENSG00000111271,non-NMD rescued,N.S., TDP-43 KD - SH-SY5Y,> 10%
ACAD10,ENSG00000111271,NMD rescued,N.S., TDP-43 KD - SH-SY5Y,> 10%
UHRF1BP1L,ENSG00000111647,NMD rescued,N.S., TDP-43 KD - SH-SY5Y,> 30%
GNB3,ENSG00000111664,NMD rescued,N.S., TDP-43 KD - SH-SY5Y,Dark cryptic
C2CD5,ENSG00000111731,NMD rescued,N.S., TDP-43 KD - SH-SY5Y,Dark cryptic
EPM2A,ENSG00000112425,non-NMD rescued,N.S., TDP-43 KD - SH-SY5Y,> 10%
CEP72,ENSG00000112877,NMD rescued,downregulated, TDP-43 KD - SH-SY5Y,> 30%
ACVR1,ENSG00000115170,non-NMD rescued,N.S., TDP-43 KD - SH-SY5Y,> 10%
PDE4D,ENSG00000113448,non-NMD rescued,N.S., TDP-43 KD - SH-SY5Y,> 10%
FANCL,ENSG00000115392,NMD rescued,N.S., TDP-43 KD - SH-SY5Y,> 30%
CRBN,ENSG00000113851,NMD rescued,N.S., TDP-43 KD - SH-SY5Y,Dark cryptic
TFDP2,ENSG00000114126,non-NMD rescued,N.S., TDP-43 KD - SH-SY5Y,> 10%
PFKFB4,ENSG00000114268,NMD rescued,N.S., TDP-43 KD - SH-SY5Y,Dark cryptic
SOS1,ENSG00000115904,non-NMD rescued,N.S., TDP-43 KD - SH-SY5Y,Dark cryptic
SLC41A3,ENSG00000114544,NMD rescued,N.S., TDP-43 KD - SH-SY5Y,Dark cryptic
ADAM23,ENSG00000114948,NMD rescued,N.S., TDP-43 KD - SH-SY5Y,Dark cryptic
MARK1,ENSG00000116141,NMD rescued,N.S., TDP-43 KD - SH-SY5Y,Dark cryptic
GPX7,ENSG00000116157,NMD rescued,N.S., TDP-43 KD - SH-SY5Y,> 10%
GRB14,ENSG00000115290,NMD rescued,N.S., TDP-43 KD - SH-SY5Y,Dark cryptic
FN1,ENSG00000115414,NMD rescued,downregulated, TDP-43 KD - SH-SY5Y,Dark cryptic
SF3B1,ENSG00000115524,NMD rescued,N.S., TDP-43 KD - SH-SY5Y,Dark cryptic
ST3GAL5,ENSG00000115525,NMD rescued,downregulated, TDP-43 KD - SH-SY5Y,Dark cryptic
AKT3,ENSG00000117020,NMD rescued,downregulated, TDP-43 KD - SH-SY5Y,> 50%
PASK,ENSG00000115687,NMD rescued,N.S., TDP-43 KD - SH-SY5Y,> 10%
PASK,ENSG00000115687,non-NMD rescued,N.S., TDP-43 KD - SH-SY5Y,> 10%
ADGRL2,ENSG00000117114,NMD rescued,N.S., TDP-43 KD - SH-SY5Y,Dark cryptic
ERI3,ENSG00000117419,NMD rescued,N.S., TDP-43 KD - SH-SY5Y,Dark cryptic
PROX1,ENSG00000117707,NMD rescued,N.S., TDP-43 KD - SH-SY5Y,Dark cryptic
EDEM3,ENSG00000116406,NMD rescued,N.S., TDP-43 KD - SH-SY5Y,Dark cryptic
DLGAP3,ENSG00000116544,NMD rescued,N.S., TDP-43 KD - SH-SY5Y,> 30%
DLGAP3,ENSG00000116544,non-NMD rescued,N.S., TDP-43 KD - SH-SY5Y,> 30%
USP35,ENSG00000118369,NMD rescued,N.S., TDP-43 KD - SH-SY5Y,Dark cryptic
UBE3D,ENSG00000118420,non-NMD rescued,N.S., TDP-43 KD - SH-SY5Y,> 10%
PCDH17,ENSG00000118946,non-NMD rescued, upregulated, TDP-43 KD - SH-SY5Y,> 10%
ELL2,ENSG00000118985,NMD rescued,N.S., TDP-43 KD - SH-SY5Y,Dark cryptic
HMGCL,ENSG00000117305,NMD rescued,N.S., TDP-43 KD - SH-SY5Y,Dark cryptic
B4GALT2,ENSG00000117411,NMD rescued,N.S., TDP-43 KD - SH-SY5Y,> 10%
TRIM32,ENSG00000119401,NMD rescued,N.S., TDP-43 KD - SH-SY5Y,Dark cryptic
HELLS,ENSG00000119969,NMD rescued,N.S., TDP-43 KD - SH-SY5Y,Dark cryptic
GRIA2,ENSG00000120251,non-NMD rescued, upregulated, TDP-43 KD - SH-SY5Y,> 50%
WDR35,ENSG00000118965,NMD rescued,downregulated, TDP-43 KD - SH-SY5Y,> 70%
WDR35,ENSG00000118965,non-NMD rescued,downregulated, TDP-43 KD - SH-SY5Y,> 70%
CCDC92,ENSG00000119242,non-NMD rescued,N.S., TDP-43 KD - SH-SY5Y,> 10%
DNMT3A,ENSG00000119772,NMD rescued,downregulated, TDP-43 KD - SH-SY5Y,> 50%
SIL1,ENSG00000120725,non-NMD rescued, upregulated, TDP-43 KD - SH-SY5Y,> 10%
SPOP,ENSG00000121067,non-NMD rescued,N.S., TDP-43 KD - SH-SY5Y,> 10%
MED13L,ENSG00000123066,NMD rescued,N.S., TDP-43 KD - SH-SY5Y,> 30%
SLC36A1,ENSG00000123643,NMD rescued,N.S., TDP-43 KD - SH-SY5Y,Dark cryptic
PFKFB2,ENSG00000123836,NMD rescued,N.S., TDP-43 KD - SH-SY5Y,Dark cryptic
SERAC1,ENSG00000122335,NMD rescued,N.S., TDP-43 KD - SH-SY5Y,Dark cryptic
SHLD2,ENSG00000122376,NMD rescued,N.S., TDP-43 KD - SH-SY5Y,Dark cryptic
MTRR,ENSG00000124275,NMD rescued,N.S., TDP-43 KD - SH-SY5Y,> 50%
PEPD,ENSG00000124299,non-NMD rescued,N.S., TDP-43 KD - SH-SY5Y,> 10%
ATP8A1,ENSG00000124406,NMD rescued,N.S., TDP-43 KD - SH-SY5Y,Dark cryptic
BBS9,ENSG00000122507,NMD rescued,N.S., TDP-43 KD - SH-SY5Y,Dark cryptic
SH3TC1,ENSG00000125089,NMD rescued,downregulated, TDP-43 KD - SH-SY5Y,Dark cryptic
HROB,ENSG00000125319,NMD rescued,N.S., TDP-43 KD - SH-SY5Y,Dark cryptic
CYREN,ENSG00000122783,NMD rescued,N.S., TDP-43 KD - SH-SY5Y,Dark cryptic
PKN1,ENSG00000123143,NMD rescued,downregulated, TDP-43 KD - SH-SY5Y,> 70%
WDR83,ENSG00000123154,NMD rescued,N.S., TDP-43 KD - SH-SY5Y,Dark cryptic
DDX31,ENSG00000125485,NMD rescued,N.S., TDP-43 KD - SH-SY5Y,Dark cryptic
AP5S1,ENSG00000125843,non-NMD rescued,N.S., TDP-43 KD - SH-SY5Y,> 10%
STX16,ENSG00000124222,non-NMD rescued,N.S., TDP-43 KD - SH-SY5Y,> 10%
BTN2A2,ENSG00000124508,NMD rescued,N.S., TDP-43 KD - SH-SY5Y,Dark cryptic
ZNF484,ENSG00000127081,NMD rescued,N.S., TDP-43 KD - SH-SY5Y,Dark cryptic
RIOK1,ENSG00000124784,NMD rescued,N.S., TDP-43 KD - SH-SY5Y,Dark cryptic
AHNAK,ENSG00000124942,NMD rescued,downregulated, TDP-43 KD - SH-SY5Y,Dark cryptic
RAB3IP,ENSG00000127328,NMD rescued,downregulated, TDP-43 KD - SH-SY5Y,Dark cryptic
ABCC4,ENSG00000125257,NMD rescued,N.S., TDP-43 KD - SH-SY5Y,> 30%
IRF1,ENSG00000125347,NMD rescued,N.S., TDP-43 KD - SH-SY5Y,Dark cryptic
PMS2P3,ENSG00000127957,NMD rescued,N.S., TDP-43 KD - SH-SY5Y,Dark cryptic
RALY,ENSG00000125970,NMD rescued,downregulated, TDP-43 KD - SH-SY5Y,> 10%
RALY,ENSG00000125970,non-NMD rescued,downregulated, TDP-43 KD - SH-SY5Y,> 10%
KCNC1,ENSG00000129159,NMD rescued,N.S., TDP-43 KD - SH-SY5Y,Dark cryptic
ATG14,ENSG00000126775,NMD rescued,N.S., TDP-43 KD - SH-SY5Y,Dark cryptic
CDO1,ENSG00000129596,NMD rescued,downregulated, TDP-43 KD - SH-SY5Y,> 50%
RPL36,ENSG00000130255,NMD rescued, upregulated, TDP-43 KD - SH-SY5Y,Dark cryptic
UNC13A,ENSG00000130477,non-NMD rescued,downregulated, TDP-43 KD - SH-SY5Y,> 70%
UNC13A,ENSG00000130477,NMD rescued,downregulated, TDP-43 KD - SH-SY5Y,> 70%
PXDN,ENSG00000130508,non-NMD rescued,downregulated, TDP-43 KD - SH-SY5Y,> 50%
CEP85,ENSG00000130695,NMD rescued,N.S., TDP-43 KD - SH-SY5Y,Dark cryptic
LAMA5,ENSG00000130702,NMD rescued,N.S., TDP-43 KD - SH-SY5Y,Dark cryptic
TUBGCP6,ENSG00000128159,NMD rescued,N.S., TDP-43 KD - SH-SY5Y,> 30%
SYNE1,ENSG00000131018,NMD rescued,N.S., TDP-43 KD - SH-SY5Y,> 50%
SERGEF,ENSG00000129158,NMD rescued,downregulated, TDP-43 KD - SH-SY5Y,> 10%
PGAP6,ENSG00000129925,NMD rescued,N.S., TDP-43 KD - SH-SY5Y,Dark cryptic
SPATA6,ENSG00000132122,NMD rescued,N.S., TDP-43 KD - SH-SY5Y,Dark cryptic
LANCL2,ENSG00000132434,NMD rescued,N.S., TDP-43 KD - SH-SY5Y,Dark cryptic
TAF4,ENSG00000130699,NMD rescued,N.S., TDP-43 KD - SH-SY5Y,Dark cryptic
MTSS2,ENSG00000132613,non-NMD rescued,N.S., TDP-43 KD - SH-SY5Y,> 10%
COG6,ENSG00000133103,NMD rescued,N.S., TDP-43 KD - SH-SY5Y,Dark cryptic
TRAF3,ENSG00000131323,NMD rescued,N.S., TDP-43 KD - SH-SY5Y,> 70%
HACL1,ENSG00000131373,NMD rescued,N.S., TDP-43 KD - SH-SY5Y,Dark cryptic
MGAT1,ENSG00000131446,NMD rescued,N.S., TDP-43 KD - SH-SY5Y,Dark cryptic
ARNTL,ENSG00000133794,NMD rescued,N.S., TDP-43 KD - SH-SY5Y,Dark cryptic
EFR3A,ENSG00000132294,NMD rescued,N.S., TDP-43 KD - SH-SY5Y,Dark cryptic
CDK7,ENSG00000134058,NMD rescued,downregulated, TDP-43 KD - SH-SY5Y,> 50%
THUMPD3,ENSG00000134077,non-NMD rescued,N.S., TDP-43 KD - SH-SY5Y,> 10%
MEIS2,ENSG00000134138,NMD rescued,N.S., TDP-43 KD - SH-SY5Y,> 50%
EEFSEC,ENSG00000132394,NMD rescued,N.S., TDP-43 KD - SH-SY5Y,Dark cryptic
ANO3,ENSG00000134343,NMD rescued, upregulated, TDP-43 KD - SH-SY5Y,Dark cryptic
NES,ENSG00000132688,NMD rescued,downregulated, TDP-43 KD - SH-SY5Y,Dark cryptic
DAGLA,ENSG00000134780,NMD rescued,N.S., TDP-43 KD - SH-SY5Y,Dark cryptic
PDGFRA,ENSG00000134853,NMD rescued,N.S., TDP-43 KD - SH-SY5Y,Dark cryptic
MUTYH,ENSG00000132781,NMD rescued,N.S., TDP-43 KD - SH-SY5Y,Dark cryptic
SPART,ENSG00000133104,NMD rescued,N.S., TDP-43 KD - SH-SY5Y,Dark cryptic
CCNJL,ENSG00000135083,NMD rescued,N.S., TDP-43 KD - SH-SY5Y,Dark cryptic
AGAP2,ENSG00000135439,NMD rescued,downregulated, TDP-43 KD - SH-SY5Y,Dark cryptic
KMT5C,ENSG00000133247,NMD rescued,N.S., TDP-43 KD - SH-SY5Y,Dark cryptic
HSPBP1,ENSG00000133265,NMD rescued,N.S., TDP-43 KD - SH-SY5Y,Dark cryptic
SLC2A11,ENSG00000133460,non-NMD rescued,N.S., TDP-43 KD - SH-SY5Y,> 10%
WASHC4,ENSG00000136051,NMD rescued,N.S., TDP-43 KD - SH-SY5Y,Dark cryptic
RCBTB2,ENSG00000136161,NMD rescued,downregulated, TDP-43 KD - SH-SY5Y,Dark cryptic
C7orf25,ENSG00000136197,NMD rescued,N.S., TDP-43 KD - SH-SY5Y,Dark cryptic
DGKB,ENSG00000136267,NMD rescued, upregulated, TDP-43 KD - SH-SY5Y,Dark cryptic
AGO4,ENSG00000134698,NMD rescued,N.S., TDP-43 KD - SH-SY5Y,Dark cryptic
RSAD1,ENSG00000136444,NMD rescued,N.S., TDP-43 KD - SH-SY5Y,Dark cryptic
LIMD2,ENSG00000136490,NMD rescued,N.S., TDP-43 KD - SH-SY5Y,Dark cryptic
DTNA,ENSG00000134769,NMD rescued,downregulated, TDP-43 KD - SH-SY5Y,Dark cryptic
ARHGAP32,ENSG00000134909,non-NMD rescued, upregulated, TDP-43 KD - SH-SY5Y,> 70%
DAB2IP,ENSG00000136848,NMD rescued,N.S., TDP-43 KD - SH-SY5Y,Dark cryptic
NCBP1,ENSG00000136937,NMD rescued,N.S., TDP-43 KD - SH-SY5Y,Dark cryptic
DSCC1,ENSG00000136982,NMD rescued,N.S., TDP-43 KD - SH-SY5Y,Dark cryptic
TMEM8B,ENSG00000137103,NMD rescued,N.S., TDP-43 KD - SH-SY5Y,Dark cryptic
MICAL1,ENSG00000135596,non-NMD rescued,N.S., TDP-43 KD - SH-SY5Y,> 10%
MICAL1,ENSG00000135596,NMD rescued,N.S., TDP-43 KD - SH-SY5Y,> 10%
FHOD1,ENSG00000135723,NMD rescued,N.S., TDP-43 KD - SH-SY5Y,Dark cryptic
CEP350,ENSG00000135837,NMD rescued,N.S., TDP-43 KD - SH-SY5Y,Dark cryptic
HAUS2,ENSG00000137814,NMD rescued,downregulated, TDP-43 KD - SH-SY5Y,> 50%
TGFBRAP1,ENSG00000135966,NMD rescued,downregulated, TDP-43 KD - SH-SY5Y,Dark cryptic
EPC2,ENSG00000135999,NMD rescued,N.S., TDP-43 KD - SH-SY5Y,Dark cryptic
DRAM1,ENSG00000136048,non-NMD rescued,N.S., TDP-43 KD - SH-SY5Y,> 10%
IGF2BP3,ENSG00000136231,NMD rescued,N.S., TDP-43 KD - SH-SY5Y,Dark cryptic
MFSD13A,ENSG00000138111,NMD rescued,N.S., TDP-43 KD - SH-SY5Y,Dark cryptic
BRIP1,ENSG00000136492,NMD rescued,N.S., TDP-43 KD - SH-SY5Y,Dark cryptic
SCN2A,ENSG00000136531,NMD rescued,N.S., TDP-43 KD - SH-SY5Y,Dark cryptic
SMARCAL1,ENSG00000138375,non-NMD rescued,N.S., TDP-43 KD - SH-SY5Y,Dark cryptic
BBS7,ENSG00000138686,NMD rescued,N.S., TDP-43 KD - SH-SY5Y,Dark cryptic
BMP2K,ENSG00000138756,NMD rescued,N.S., TDP-43 KD - SH-SY5Y,Dark cryptic
GARNL3,ENSG00000136895,NMD rescued,N.S., TDP-43 KD - SH-SY5Y,Dark cryptic
MAPK8IP3,ENSG00000138834,NMD rescued,downregulated, TDP-43 KD - SH-SY5Y,Dark cryptic
NARS2,ENSG00000137513,NMD rescued,N.S., TDP-43 KD - SH-SY5Y,Dark cryptic
GIT2,ENSG00000139436,NMD rescued,downregulated, TDP-43 KD - SH-SY5Y,Dark cryptic
BRCA2,ENSG00000139618,NMD rescued,N.S., TDP-43 KD - SH-SY5Y,Dark cryptic
CSAD,ENSG00000139631,NMD rescued, upregulated, TDP-43 KD - SH-SY5Y,Dark cryptic
SLC37A4,ENSG00000137700,NMD rescued,N.S., TDP-43 KD - SH-SY5Y,Dark cryptic
WDR20,ENSG00000140153,non-NMD rescued,N.S., TDP-43 KD - SH-SY5Y,> 10%
TCF12,ENSG00000140262,NMD rescued,N.S., TDP-43 KD - SH-SY5Y,Dark cryptic
IFT172,ENSG00000138002,non-NMD rescued,N.S., TDP-43 KD - SH-SY5Y,> 10%
CGREF1,ENSG00000138028,NMD rescued,N.S., TDP-43 KD - SH-SY5Y,Dark cryptic
POLG,ENSG00000140521,NMD rescued,N.S., TDP-43 KD - SH-SY5Y,Dark cryptic
TICRR,ENSG00000140534,NMD rescued,N.S., TDP-43 KD - SH-SY5Y,Dark cryptic
MFGE8,ENSG00000140545,NMD rescued,N.S., TDP-43 KD - SH-SY5Y,Dark cryptic
ABI2,ENSG00000138443,NMD rescued,N.S., TDP-43 KD - SH-SY5Y,Dark cryptic
KSR1,ENSG00000141068,NMD rescued,N.S., TDP-43 KD - SH-SY5Y,Dark cryptic
VPS53,ENSG00000141252,NMD rescued,N.S., TDP-43 KD - SH-SY5Y,> 10%
KIAA1109,ENSG00000138688,non-NMD rescued,N.S., TDP-43 KD - SH-SY5Y,> 10%
KIAA1109,ENSG00000138688,NMD rescued,N.S., TDP-43 KD - SH-SY5Y,> 10%
CLSTN3,ENSG00000139182,NMD rescued,N.S., TDP-43 KD - SH-SY5Y,Dark cryptic
RPTOR,ENSG00000141564,NMD rescued,downregulated, TDP-43 KD - SH-SY5Y,Dark cryptic
WDFY2,ENSG00000139668,NMD rescued,N.S., TDP-43 KD - SH-SY5Y,Dark cryptic
EFCAB11,ENSG00000140025,NMD rescued,N.S., TDP-43 KD - SH-SY5Y,Dark cryptic
SLC12A6,ENSG00000140199,NMD rescued,N.S., TDP-43 KD - SH-SY5Y,Dark cryptic
CDAN1,ENSG00000140326,NMD rescued,N.S., TDP-43 KD - SH-SY5Y,Dark cryptic
PTPRF,ENSG00000142949,NMD rescued,N.S., TDP-43 KD - SH-SY5Y,> 30%
TPM1,ENSG00000140416,NMD rescued,downregulated, TDP-43 KD - SH-SY5Y,Dark cryptic
USP3,ENSG00000140455,NMD rescued,N.S., TDP-43 KD - SH-SY5Y,Dark cryptic
PPOX,ENSG00000143224,NMD rescued,N.S., TDP-43 KD - SH-SY5Y,Dark cryptic
ZFHX3,ENSG00000140836,NMD rescued,N.S., TDP-43 KD - SH-SY5Y,Dark cryptic
SEMA6C,ENSG00000143434,non-NMD rescued, upregulated, TDP-43 KD - SH-SY5Y,> 10%
ZNF287,ENSG00000141040,NMD rescued, upregulated, TDP-43 KD - SH-SY5Y,Dark cryptic
SRP9,ENSG00000143742,NMD rescued,downregulated, TDP-43 KD - SH-SY5Y,Dark cryptic
PRELID3A,ENSG00000141391,NMD rescued,downregulated, TDP-43 KD - SH-SY5Y,> 70%
GALNT13,ENSG00000144278,NMD rescued, upregulated, TDP-43 KD - SH-SY5Y,Dark cryptic
CEP131,ENSG00000141577,NMD rescued,downregulated, TDP-43 KD - SH-SY5Y,> 10%
CEP131,ENSG00000141577,non-NMD rescued,downregulated, TDP-43 KD - SH-SY5Y,> 10%
IGLON5,ENSG00000142549,NMD rescued,downregulated, TDP-43 KD - SH-SY5Y,Dark cryptic
ITGA9,ENSG00000144668,NMD rescued,N.S., TDP-43 KD - SH-SY5Y,Dark cryptic
STAC,ENSG00000144681,NMD rescued,N.S., TDP-43 KD - SH-SY5Y,Dark cryptic
MYH15,ENSG00000144821,NMD rescued,N.S., TDP-43 KD - SH-SY5Y,Dark cryptic
TMEM44,ENSG00000145014,non-NMD rescued,N.S., TDP-43 KD - SH-SY5Y,> 10%
DGKQ,ENSG00000145214,NMD rescued,N.S., TDP-43 KD - SH-SY5Y,Dark cryptic
FARS2,ENSG00000145982,NMD rescued,N.S., TDP-43 KD - SH-SY5Y,Dark cryptic
MINDY1,ENSG00000143409,non-NMD rescued,N.S., TDP-43 KD - SH-SY5Y,Dark cryptic
WASH2P,ENSG00000146556,NMD rescued,N.S., TDP-43 KD - SH-SY5Y,Dark cryptic
GUK1,ENSG00000143774,NMD rescued,N.S., TDP-43 KD - SH-SY5Y,Dark cryptic
CNIH3,ENSG00000143786,NMD rescued, upregulated, TDP-43 KD - SH-SY5Y,Dark cryptic
EPHX1,ENSG00000143819,non-NMD rescued,N.S., TDP-43 KD - SH-SY5Y,> 10%
PLEKHA6,ENSG00000143850,non-NMD rescued,N.S., TDP-43 KD - SH-SY5Y,> 10%
GINS4,ENSG00000147536,NMD rescued,downregulated, TDP-43 KD - SH-SY5Y,Dark cryptic
EXOC6B,ENSG00000144036,NMD rescued, upregulated, TDP-43 KD - SH-SY5Y,Dark cryptic
FAHD2B,ENSG00000144199,NMD rescued,N.S., TDP-43 KD - SH-SY5Y,Dark cryptic
SHC3,ENSG00000148082,NMD rescued,N.S., TDP-43 KD - SH-SY5Y,Dark cryptic
RHBDD1,ENSG00000144468,NMD rescued,N.S., TDP-43 KD - SH-SY5Y,Dark cryptic
POMGNT2,ENSG00000144647,NMD rescued,N.S., TDP-43 KD - SH-SY5Y,Dark cryptic
CIZ1,ENSG00000148337,NMD rescued,N.S., TDP-43 KD - SH-SY5Y,> 30%
CIZ1,ENSG00000148337,non-NMD rescued,N.S., TDP-43 KD - SH-SY5Y,> 30%
SHQ1,ENSG00000144736,non-NMD rescued,N.S., TDP-43 KD - SH-SY5Y,> 10%
RABL3,ENSG00000144840,NMD rescued,N.S., TDP-43 KD - SH-SY5Y,Dark cryptic
STXBP5L,ENSG00000145087,NMD rescued,N.S., TDP-43 KD - SH-SY5Y,> 30%
USP6NL,ENSG00000148429,NMD rescued,downregulated, TDP-43 KD - SH-SY5Y,> 50%
FAM13C,ENSG00000148541,NMD rescued,downregulated, TDP-43 KD - SH-SY5Y,Dark cryptic
TCF7L2,ENSG00000148737,NMD rescued, upregulated, TDP-43 KD - SH-SY5Y,> 10%
PGAP2,ENSG00000148985,NMD rescued,N.S., TDP-43 KD - SH-SY5Y,> 30%
ARHGAP26,ENSG00000145819,non-NMD rescued, upregulated, TDP-43 KD - SH-SY5Y,> 10%
PCYOX1L,ENSG00000145882,NMD rescued,N.S., TDP-43 KD - SH-SY5Y,Dark cryptic
TRIM41,ENSG00000146063,NMD rescued,N.S., TDP-43 KD - SH-SY5Y,> 10%
TRIM41,ENSG00000146063,non-NMD rescued,N.S., TDP-43 KD - SH-SY5Y,> 10%
PAK1,ENSG00000149269,NMD rescued,N.S., TDP-43 KD - SH-SY5Y,Dark cryptic
NPAT,ENSG00000149308,NMD rescued,N.S., TDP-43 KD - SH-SY5Y,Dark cryptic
TRIM4,ENSG00000146833,NMD rescued,N.S., TDP-43 KD - SH-SY5Y,Dark cryptic
ANK3,ENSG00000151150,NMD rescued,N.S., TDP-43 KD - SH-SY5Y,Dark cryptic
DIP2C,ENSG00000151240,NMD rescued,N.S., TDP-43 KD - SH-SY5Y,> 30%
TAF1,ENSG00000147133,NMD rescued,N.S., TDP-43 KD - SH-SY5Y,Dark cryptic
ZNF827,ENSG00000151612,non-NMD rescued,N.S., TDP-43 KD - SH-SY5Y,> 10%
BICD1,ENSG00000151746,NMD rescued,N.S., TDP-43 KD - SH-SY5Y,Dark cryptic
FBXO4,ENSG00000151876,NMD rescued,N.S., TDP-43 KD - SH-SY5Y,Dark cryptic
SERPING1,ENSG00000149131,non-NMD rescued,N.S., TDP-43 KD - SH-SY5Y,> 10%
TENM4,ENSG00000149256,NMD rescued,downregulated, TDP-43 KD - SH-SY5Y,Dark cryptic
ATM,ENSG00000149311,non-NMD rescued, upregulated, TDP-43 KD - SH-SY5Y,> 10%
PRDM8,ENSG00000152784,non-NMD rescued, upregulated, TDP-43 KD - SH-SY5Y,> 10%
RAB3C,ENSG00000152932,non-NMD rescued,N.S., TDP-43 KD - SH-SY5Y,> 10%
DUSP15,ENSG00000149599,NMD rescued, upregulated, TDP-43 KD - SH-SY5Y,Dark cryptic
AK5,ENSG00000154027,NMD rescued, upregulated, TDP-43 KD - SH-SY5Y,> 10%
DLG5,ENSG00000151208,NMD rescued,N.S., TDP-43 KD - SH-SY5Y,> 50%
SCLT1,ENSG00000151466,NMD rescued,N.S., TDP-43 KD - SH-SY5Y,Dark cryptic
MPPE1,ENSG00000154889,NMD rescued,N.S., TDP-43 KD - SH-SY5Y,Dark cryptic
ASAP2,ENSG00000151693,NMD rescued,N.S., TDP-43 KD - SH-SY5Y,Dark cryptic
WWC2,ENSG00000151718,NMD rescued,N.S., TDP-43 KD - SH-SY5Y,Dark cryptic
TMEM267,ENSG00000151881,NMD rescued,N.S., TDP-43 KD - SH-SY5Y,Dark cryptic
BACH1,ENSG00000156273,NMD rescued,N.S., TDP-43 KD - SH-SY5Y,Dark cryptic
RPGR,ENSG00000156313,NMD rescued,N.S., TDP-43 KD - SH-SY5Y,Dark cryptic
RABGAP1L,ENSG00000152061,NMD rescued,N.S., TDP-43 KD - SH-SY5Y,Dark cryptic
FARP1,ENSG00000152767,NMD rescued,N.S., TDP-43 KD - SH-SY5Y,Dark cryptic
BCL2L11,ENSG00000153094,non-NMD rescued,N.S., TDP-43 KD - SH-SY5Y,> 30%
BCL2L11,ENSG00000153094,NMD rescued,N.S., TDP-43 KD - SH-SY5Y,> 30%
SLC35B2,ENSG00000157593,NMD rescued,N.S., TDP-43 KD - SH-SY5Y,Dark cryptic
PTPRR,ENSG00000153233,NMD rescued, upregulated, TDP-43 KD - SH-SY5Y,Dark cryptic
ASAP1,ENSG00000153317,NMD rescued,N.S., TDP-43 KD - SH-SY5Y,Dark cryptic
CMIP,ENSG00000153815,NMD rescued,N.S., TDP-43 KD - SH-SY5Y,Dark cryptic
KCTD15,ENSG00000153885,NMD rescued,N.S., TDP-43 KD - SH-SY5Y,> 10%
CC2D1B,ENSG00000154222,NMD rescued,N.S., TDP-43 KD - SH-SY5Y,Dark cryptic
MITD1,ENSG00000158411,non-NMD rescued,N.S., TDP-43 KD - SH-SY5Y,> 10%
PTPRN2,ENSG00000155093,NMD rescued,downregulated, TDP-43 KD - SH-SY5Y,> 10%
CDK19,ENSG00000155111,NMD rescued,N.S., TDP-43 KD - SH-SY5Y,Dark cryptic
HLCS,ENSG00000159267,NMD rescued,N.S., TDP-43 KD - SH-SY5Y,Dark cryptic
ACE,ENSG00000159640,NMD rescued,N.S., TDP-43 KD - SH-SY5Y,> 10%
CHCHD6,ENSG00000159685,NMD rescued,N.S., TDP-43 KD - SH-SY5Y,Dark cryptic
PDE9A,ENSG00000160191,NMD rescued,N.S., TDP-43 KD - SH-SY5Y,Dark cryptic
MTERF3,ENSG00000156469,NMD rescued,N.S., TDP-43 KD - SH-SY5Y,Dark cryptic
KAT6B,ENSG00000156650,non-NMD rescued,N.S., TDP-43 KD - SH-SY5Y,> 10%
ADAR,ENSG00000160710,non-NMD rescued,N.S., TDP-43 KD - SH-SY5Y,> 10%
PHKG2,ENSG00000156873,NMD rescued,N.S., TDP-43 KD - SH-SY5Y,Dark cryptic
EXOG,ENSG00000157036,NMD rescued,downregulated, TDP-43 KD - SH-SY5Y,> 10%
LRP8,ENSG00000157193,NMD rescued,downregulated, TDP-43 KD - SH-SY5Y,> 10%
PAQR6,ENSG00000160781,NMD rescued,N.S., TDP-43 KD - SH-SY5Y,Dark cryptic
NBEAL2,ENSG00000160796,NMD rescued,N.S., TDP-43 KD - SH-SY5Y,Dark cryptic
ZNF333,ENSG00000160961,non-NMD rescued,N.S., TDP-43 KD - SH-SY5Y,> 10%
DGKI,ENSG00000157680,non-NMD rescued,N.S., TDP-43 KD - SH-SY5Y,> 10%
DGKI,ENSG00000157680,NMD rescued,N.S., TDP-43 KD - SH-SY5Y,> 10%
FMNL2,ENSG00000157827,NMD rescued,N.S., TDP-43 KD - SH-SY5Y,Dark cryptic
FANCC,ENSG00000158169,NMD rescued,N.S., TDP-43 KD - SH-SY5Y,> 10%
FANCC,ENSG00000158169,non-NMD rescued,N.S., TDP-43 KD - SH-SY5Y,> 10%
TMEM143,ENSG00000161558,NMD rescued,N.S., TDP-43 KD - SH-SY5Y,Dark cryptic
NIT1,ENSG00000158793,NMD rescued,N.S., TDP-43 KD - SH-SY5Y,Dark cryptic
ISL2,ENSG00000159556,NMD rescued,N.S., TDP-43 KD - SH-SY5Y,> 50%
CTBP1,ENSG00000159692,NMD rescued,N.S., TDP-43 KD - SH-SY5Y,Dark cryptic
USP24,ENSG00000162402,NMD rescued,N.S., TDP-43 KD - SH-SY5Y,> 10%
OMA1,ENSG00000162600,NMD rescued,N.S., TDP-43 KD - SH-SY5Y,Dark cryptic
DNAJB4,ENSG00000162616,NMD rescued, upregulated, TDP-43 KD - SH-SY5Y,Dark cryptic
ZDHHC1,ENSG00000159714,non-NMD rescued,N.S., TDP-43 KD - SH-SY5Y,> 10%
FBXO41,ENSG00000163013,NMD rescued,N.S., TDP-43 KD - SH-SY5Y,Dark cryptic
PCNT,ENSG00000160299,NMD rescued,N.S., TDP-43 KD - SH-SY5Y,Dark cryptic
SGO2,ENSG00000163535,NMD rescued,N.S., TDP-43 KD - SH-SY5Y,Dark cryptic
TAOK1,ENSG00000160551,non-NMD rescued,N.S., TDP-43 KD - SH-SY5Y,> 10%
TAOK1,ENSG00000160551,NMD rescued,N.S., TDP-43 KD - SH-SY5Y,> 10%
CADPS,ENSG00000163618,NMD rescued,N.S., TDP-43 KD - SH-SY5Y,Dark cryptic
PPP1R16A,ENSG00000160972,NMD rescued,N.S., TDP-43 KD - SH-SY5Y,Dark cryptic
MRNIP,ENSG00000161010,NMD rescued,N.S., TDP-43 KD - SH-SY5Y,> 10%
IFT122,ENSG00000163913,NMD rescued,downregulated, TDP-43 KD - SH-SY5Y,> 70%
SHANK1,ENSG00000161681,NMD rescued, upregulated, TDP-43 KD - SH-SY5Y,Dark cryptic
WDR90,ENSG00000161996,NMD rescued,N.S., TDP-43 KD - SH-SY5Y,Dark cryptic
PLXNB1,ENSG00000164050,NMD rescued,N.S., TDP-43 KD - SH-SY5Y,Dark cryptic
RPS6KA4,ENSG00000162302,NMD rescued,N.S., TDP-43 KD - SH-SY5Y,Dark cryptic
RNF123,ENSG00000164068,NMD rescued,N.S., TDP-43 KD - SH-SY5Y,Dark cryptic
ARFIP1,ENSG00000164144,NMD rescued,N.S., TDP-43 KD - SH-SY5Y,Dark cryptic
GRIK2,ENSG00000164418,NMD rescued,N.S., TDP-43 KD - SH-SY5Y,Dark cryptic
CNST,ENSG00000162852,non-NMD rescued,N.S., TDP-43 KD - SH-SY5Y,Dark cryptic
STK17A,ENSG00000164543,non-NMD rescued,N.S., TDP-43 KD - SH-SY5Y,> 10%
ADCY1,ENSG00000164742,NMD rescued,downregulated, TDP-43 KD - SH-SY5Y,> 70%
ADCY1,ENSG00000164742,non-NMD rescued,downregulated, TDP-43 KD - SH-SY5Y,> 70%
HELQ,ENSG00000163312,NMD rescued,N.S., TDP-43 KD - SH-SY5Y,Dark cryptic
MICALL2,ENSG00000164877,NMD rescued,N.S., TDP-43 KD - SH-SY5Y,Dark cryptic
FOXK1,ENSG00000164916,NMD rescued,N.S., TDP-43 KD - SH-SY5Y,> 30%
CIP2A,ENSG00000163507,non-NMD rescued,N.S., TDP-43 KD - SH-SY5Y,> 10%
PTPN13,ENSG00000163629,non-NMD rescued,N.S., TDP-43 KD - SH-SY5Y,> 10%
PIGA,ENSG00000165195,NMD rescued,N.S., TDP-43 KD - SH-SY5Y,> 10%
DRGX,ENSG00000165606,NMD rescued,downregulated, TDP-43 KD - SH-SY5Y,Dark cryptic
TSC1,ENSG00000165699,NMD rescued,N.S., TDP-43 KD - SH-SY5Y,Dark cryptic
CEP44,ENSG00000164118,NMD rescued,N.S., TDP-43 KD - SH-SY5Y,Dark cryptic
ZNF704,ENSG00000164684,NMD rescued, upregulated, TDP-43 KD - SH-SY5Y,Dark cryptic
DENND2B,ENSG00000166444,non-NMD rescued,N.S., TDP-43 KD - SH-SY5Y,Dark cryptic
KDM1B,ENSG00000165097,NMD rescued,N.S., TDP-43 KD - SH-SY5Y,Dark cryptic
PEX11A,ENSG00000166821,NMD rescued,N.S., TDP-43 KD - SH-SY5Y,Dark cryptic
NAV2,ENSG00000166833,NMD rescued, upregulated, TDP-43 KD - SH-SY5Y,Dark cryptic
MELK,ENSG00000165304,NMD rescued,downregulated, TDP-43 KD - SH-SY5Y,Dark cryptic
ACSF2,ENSG00000167107,NMD rescued,N.S., TDP-43 KD - SH-SY5Y,> 70%
ACSF2,ENSG00000167107,non-NMD rescued,N.S., TDP-43 KD - SH-SY5Y,> 70%
FBXO22,ENSG00000167196,NMD rescued,N.S., TDP-43 KD - SH-SY5Y,Dark cryptic
PPP2R3B,ENSG00000167393,NMD rescued,N.S., TDP-43 KD - SH-SY5Y,Dark cryptic
KMT2D,ENSG00000167548,NMD rescued,N.S., TDP-43 KD - SH-SY5Y,Dark cryptic
KIFC2,ENSG00000167702,NMD rescued,downregulated, TDP-43 KD - SH-SY5Y,Dark cryptic
DCHS1,ENSG00000166341,NMD rescued,N.S., TDP-43 KD - SH-SY5Y,Dark cryptic
MGAT5B,ENSG00000167889,NMD rescued,downregulated, TDP-43 KD - SH-SY5Y,> 70%
TUB,ENSG00000166402,NMD rescued,downregulated, TDP-43 KD - SH-SY5Y,Dark cryptic
XRRA1,ENSG00000166435,NMD rescued,N.S., TDP-43 KD - SH-SY5Y,Dark cryptic
AP1G1,ENSG00000166747,NMD rescued,N.S., TDP-43 KD - SH-SY5Y,Dark cryptic
ATG4B,ENSG00000168397,NMD rescued,downregulated, TDP-43 KD - SH-SY5Y,> 70%
NAT16,ENSG00000167011,non-NMD rescued,N.S., TDP-43 KD - SH-SY5Y,> 10%
SAMD14,ENSG00000167100,NMD rescued,N.S., TDP-43 KD - SH-SY5Y,Dark cryptic
ISLR2,ENSG00000167178,NMD rescued,N.S., TDP-43 KD - SH-SY5Y,> 10%
ZNF91,ENSG00000167232,NMD rescued,N.S., TDP-43 KD - SH-SY5Y,Dark cryptic
DUS2,ENSG00000167264,non-NMD rescued,N.S., TDP-43 KD - SH-SY5Y,> 10%
CEP120,ENSG00000168944,NMD rescued,N.S., TDP-43 KD - SH-SY5Y,Dark cryptic
CA5B,ENSG00000169239,NMD rescued,N.S., TDP-43 KD - SH-SY5Y,Dark cryptic
SNUPN,ENSG00000169371,NMD rescued,N.S., TDP-43 KD - SH-SY5Y,Dark cryptic
TRAPPC9,ENSG00000167632,NMD rescued,N.S., TDP-43 KD - SH-SY5Y,Dark cryptic
DFFB,ENSG00000169598,NMD rescued,N.S., TDP-43 KD - SH-SY5Y,Dark cryptic
BUB1,ENSG00000169679,NMD rescued,N.S., TDP-43 KD - SH-SY5Y,Dark cryptic
ROBO1,ENSG00000169855,NMD rescued, upregulated, TDP-43 KD - SH-SY5Y,Dark cryptic
MYRIP,ENSG00000170011,NMD rescued,N.S., TDP-43 KD - SH-SY5Y,Dark cryptic
SETD5,ENSG00000168137,NMD rescued,N.S., TDP-43 KD - SH-SY5Y,> 70%
TRAPPC11,ENSG00000168538,NMD rescued,N.S., TDP-43 KD - SH-SY5Y,Dark cryptic
DNAJC24,ENSG00000170946,NMD rescued,N.S., TDP-43 KD - SH-SY5Y,Dark cryptic
ZNF581,ENSG00000171425,NMD rescued,N.S., TDP-43 KD - SH-SY5Y,Dark cryptic
ARL13B,ENSG00000169379,NMD rescued,N.S., TDP-43 KD - SH-SY5Y,Dark cryptic
SCN9A,ENSG00000169432,NMD rescued,downregulated, TDP-43 KD - SH-SY5Y,Dark cryptic
PLEKHG5,ENSG00000171680,NMD rescued,N.S., TDP-43 KD - SH-SY5Y,Dark cryptic
ANO5,ENSG00000171714,NMD rescued,N.S., TDP-43 KD - SH-SY5Y,Dark cryptic
BCL2,ENSG00000171791,NMD rescued, upregulated, TDP-43 KD - SH-SY5Y,Dark cryptic
PWWP2B,ENSG00000171813,NMD rescued,N.S., TDP-43 KD - SH-SY5Y,Dark cryptic
BTD,ENSG00000169814,NMD rescued,N.S., TDP-43 KD - SH-SY5Y,Dark cryptic
TOR1AIP2,ENSG00000169905,NMD rescued,N.S., TDP-43 KD - SH-SY5Y,Dark cryptic
TRAPPC12,ENSG00000171853,NMD rescued,downregulated, TDP-43 KD - SH-SY5Y,> 70%
PTEN,ENSG00000171862,NMD rescued,N.S., TDP-43 KD - SH-SY5Y,Dark cryptic
SHLD1,ENSG00000171984,non-NMD rescued, upregulated, TDP-43 KD - SH-SY5Y,Dark cryptic
MOB3A,ENSG00000172081,NMD rescued,N.S., TDP-43 KD - SH-SY5Y,Dark cryptic
DCLK2,ENSG00000170390,NMD rescued,downregulated, TDP-43 KD - SH-SY5Y,Dark cryptic
DMXL1,ENSG00000172869,NMD rescued,N.S., TDP-43 KD - SH-SY5Y,Dark cryptic
ALK,ENSG00000171094,non-NMD rescued,downregulated, TDP-43 KD - SH-SY5Y,> 10%
ESRRA,ENSG00000173153,NMD rescued,N.S., TDP-43 KD - SH-SY5Y,Dark cryptic
RAPH1,ENSG00000173166,NMD rescued,downregulated, TDP-43 KD - SH-SY5Y,Dark cryptic
SLC19A1,ENSG00000173638,NMD rescued,N.S., TDP-43 KD - SH-SY5Y,Dark cryptic
KCNH6,ENSG00000173826,NMD rescued,N.S., TDP-43 KD - SH-SY5Y,Dark cryptic
TLN2,ENSG00000171914,NMD rescued,downregulated, TDP-43 KD - SH-SY5Y,Dark cryptic
SLC25A30,ENSG00000174032,NMD rescued,N.S., TDP-43 KD - SH-SY5Y,Dark cryptic
BANP,ENSG00000172530,NMD rescued,N.S., TDP-43 KD - SH-SY5Y,Dark cryptic
ZNF621,ENSG00000172888,NMD rescued,N.S., TDP-43 KD - SH-SY5Y,Dark cryptic
NADSYN1,ENSG00000172890,non-NMD rescued,N.S., TDP-43 KD - SH-SY5Y,> 10%
HECTD4,ENSG00000173064,NMD rescued,N.S., TDP-43 KD - SH-SY5Y,Dark cryptic
MFSD4B,ENSG00000173214,NMD rescued,N.S., TDP-43 KD - SH-SY5Y,Dark cryptic
TP53I11,ENSG00000175274,NMD rescued,downregulated, TDP-43 KD - SH-SY5Y,Dark cryptic
CHRNA7,ENSG00000175344,NMD rescued,N.S., TDP-43 KD - SH-SY5Y,Dark cryptic
CCDC14,ENSG00000175455,non-NMD rescued,N.S., TDP-43 KD - SH-SY5Y,> 10%
CEP83,ENSG00000173588,NMD rescued,N.S., TDP-43 KD - SH-SY5Y,Dark cryptic
RNF213,ENSG00000173821,non-NMD rescued,downregulated, TDP-43 KD - SH-SY5Y,> 10%
HOXD8,ENSG00000175879,non-NMD rescued,N.S., TDP-43 KD - SH-SY5Y,> 10%
RTTN,ENSG00000176225,NMD rescued,N.S., TDP-43 KD - SH-SY5Y,> 10%
RTTN,ENSG00000176225,non-NMD rescued,N.S., TDP-43 KD - SH-SY5Y,> 10%
ZSCAN2,ENSG00000176371,NMD rescued,N.S., TDP-43 KD - SH-SY5Y,Dark cryptic
TBL1XR1,ENSG00000177565,NMD rescued,N.S., TDP-43 KD - SH-SY5Y,> 10%
TBL1XR1,ENSG00000177565,non-NMD rescued,N.S., TDP-43 KD - SH-SY5Y,> 10%
LPCAT4,ENSG00000176454,NMD rescued,N.S., TDP-43 KD - SH-SY5Y,Dark cryptic
EPM2AIP1,ENSG00000178567,NMD rescued,N.S., TDP-43 KD - SH-SY5Y,Dark cryptic
ZBTB7A,ENSG00000178951,non-NMD rescued,N.S., TDP-43 KD - SH-SY5Y,Dark cryptic
CTC1,ENSG00000178971,NMD rescued,downregulated, TDP-43 KD - SH-SY5Y,Dark cryptic
RNF152,ENSG00000176641,NMD rescued,N.S., TDP-43 KD - SH-SY5Y,Dark cryptic
BOK,ENSG00000176720,NMD rescued,N.S., TDP-43 KD - SH-SY5Y,Dark cryptic
SHMT1,ENSG00000176974,NMD rescued,N.S., TDP-43 KD - SH-SY5Y,Dark cryptic
ZDHHC20,ENSG00000180776,NMD rescued,N.S., TDP-43 KD - SH-SY5Y,Dark cryptic
CLVS1,ENSG00000177182,NMD rescued,downregulated, TDP-43 KD - SH-SY5Y,Dark cryptic
PPFIA3,ENSG00000177380,NMD rescued,N.S., TDP-43 KD - SH-SY5Y,Dark cryptic
SLC25A22,ENSG00000177542,NMD rescued,N.S., TDP-43 KD - SH-SY5Y,> 30%
RELL1,ENSG00000181826,NMD rescued,downregulated, TDP-43 KD - SH-SY5Y,> 50%
CHID1,ENSG00000177830,NMD rescued,downregulated, TDP-43 KD - SH-SY5Y,> 70%
MPI,ENSG00000178802,NMD rescued,N.S., TDP-43 KD - SH-SY5Y,Dark cryptic
YBEY,ENSG00000182362,non-NMD rescued,N.S., TDP-43 KD - SH-SY5Y,> 10%
NPLOC4,ENSG00000182446,NMD rescued,N.S., TDP-43 KD - SH-SY5Y,Dark cryptic
ZNF664,ENSG00000179195,NMD rescued,N.S., TDP-43 KD - SH-SY5Y,> 10%
ACBD3,ENSG00000182827,NMD rescued,N.S., TDP-43 KD - SH-SY5Y,> 10%
COL18A1,ENSG00000182871,NMD rescued,downregulated, TDP-43 KD - SH-SY5Y,> 10%
COL18A1,ENSG00000182871,non-NMD rescued,downregulated, TDP-43 KD - SH-SY5Y,> 10%
MROH1,ENSG00000179832,NMD rescued,N.S., TDP-43 KD - SH-SY5Y,> 10%
ZNF320,ENSG00000182986,NMD rescued,N.S., TDP-43 KD - SH-SY5Y,Dark cryptic
SSR4,ENSG00000180879,NMD rescued,N.S., TDP-43 KD - SH-SY5Y,Dark cryptic
EHMT1,ENSG00000181090,NMD rescued,downregulated, TDP-43 KD - SH-SY5Y,> 50%
CEP57L1,ENSG00000183137,non-NMD rescued,N.S., TDP-43 KD - SH-SY5Y,> 10%
CCDC125,ENSG00000183323,NMD rescued,N.S., TDP-43 KD - SH-SY5Y,Dark cryptic
KIAA2026,ENSG00000183354,NMD rescued,N.S., TDP-43 KD - SH-SY5Y,Dark cryptic
EP400,ENSG00000183495,non-NMD rescued,N.S., TDP-43 KD - SH-SY5Y,> 70%
EP400,ENSG00000183495,NMD rescued,N.S., TDP-43 KD - SH-SY5Y,> 70%
PI4KAP2,ENSG00000183506,NMD rescued,N.S., TDP-43 KD - SH-SY5Y,Dark cryptic
PCBP3,ENSG00000183570,non-NMD rescued,downregulated, TDP-43 KD - SH-SY5Y,> 10%
PKD1P3,ENSG00000183458,NMD rescued,N.S., TDP-43 KD - SH-SY5Y,Dark cryptic
GUSBP1,ENSG00000183666,NMD rescued,N.S., TDP-43 KD - SH-SY5Y,Dark cryptic
WDR27,ENSG00000184465,NMD rescued,N.S., TDP-43 KD - SH-SY5Y,Dark cryptic
PCBP3,ENSG00000183570,NMD rescued,downregulated, TDP-43 KD - SH-SY5Y,> 10%
BMP8A,ENSG00000183682,NMD rescued,N.S., TDP-43 KD - SH-SY5Y,Dark cryptic
PRR16,ENSG00000184838,non-NMD rescued, upregulated, TDP-43 KD - SH-SY5Y,> 30%
KCNH8,ENSG00000183960,NMD rescued,N.S., TDP-43 KD - SH-SY5Y,Dark cryptic
SCFD2,ENSG00000184178,non-NMD rescued,N.S., TDP-43 KD - SH-SY5Y,Dark cryptic
ZNF829,ENSG00000185869,NMD rescued,N.S., TDP-43 KD - SH-SY5Y,Dark cryptic
TMLHE,ENSG00000185973,non-NMD rescued,N.S., TDP-43 KD - SH-SY5Y,Dark cryptic
RASA3,ENSG00000185989,NMD rescued,N.S., TDP-43 KD - SH-SY5Y,> 10%
ZNF566,ENSG00000186017,NMD rescued,N.S., TDP-43 KD - SH-SY5Y,> 10%
ZNF284,ENSG00000186026,NMD rescued,N.S., TDP-43 KD - SH-SY5Y,Dark cryptic
ZNF197,ENSG00000186448,NMD rescued,N.S., TDP-43 KD - SH-SY5Y,Dark cryptic
MYT1L,ENSG00000186487,non-NMD rescued,N.S., TDP-43 KD - SH-SY5Y,Dark cryptic
MIR22HG,ENSG00000186594,NMD rescued, upregulated, TDP-43 KD - SH-SY5Y,Dark cryptic
EMID1,ENSG00000186998,NMD rescued,N.S., TDP-43 KD - SH-SY5Y,Dark cryptic
SEMA4B,ENSG00000185033,NMD rescued,N.S., TDP-43 KD - SH-SY5Y,Dark cryptic
CDK10,ENSG00000185324,NMD rescued,N.S., TDP-43 KD - SH-SY5Y,Dark cryptic
AGRN,ENSG00000188157,NMD rescued,downregulated, TDP-43 KD - SH-SY5Y,> 30%
AGRN,ENSG00000188157,non-NMD rescued,downregulated, TDP-43 KD - SH-SY5Y,> 30%
LINC00265,ENSG00000188185,NMD rescued,N.S., TDP-43 KD - SH-SY5Y,Dark cryptic
ZNF793,ENSG00000188227,NMD rescued,N.S., TDP-43 KD - SH-SY5Y,Dark cryptic
SDHAP1,ENSG00000185485,NMD rescued,N.S., TDP-43 KD - SH-SY5Y,Dark cryptic
WDR53,ENSG00000185798,NMD rescued,N.S., TDP-43 KD - SH-SY5Y,Dark cryptic
BCAP31,ENSG00000185825,NMD rescued,N.S., TDP-43 KD - SH-SY5Y,Dark cryptic
GNB1L,ENSG00000185838,non-NMD rescued,N.S., TDP-43 KD - SH-SY5Y,> 30%
GNB1L,ENSG00000185838,NMD rescued,N.S., TDP-43 KD - SH-SY5Y,> 30%
LRCH3,ENSG00000186001,non-NMD rescued,N.S., TDP-43 KD - SH-SY5Y,> 10%
ZNF529,ENSG00000186020,non-NMD rescued,N.S., TDP-43 KD - SH-SY5Y,> 70%
ZNF529,ENSG00000186020,NMD rescued,N.S., TDP-43 KD - SH-SY5Y,> 70%
GREB1,ENSG00000196208,NMD rescued,N.S., TDP-43 KD - SH-SY5Y,> 50%
C2orf76,ENSG00000186132,NMD rescued,N.S., TDP-43 KD - SH-SY5Y,> 10%
SPIN2B,ENSG00000186787,non-NMD rescued,N.S., TDP-43 KD - SH-SY5Y,> 10%
TPCN1,ENSG00000186815,NMD rescued, upregulated, TDP-43 KD - SH-SY5Y,Dark cryptic
DAPK1,ENSG00000196730,non-NMD rescued,N.S., TDP-43 KD - SH-SY5Y,> 10%
ZNF700,ENSG00000196757,NMD rescued,N.S., TDP-43 KD - SH-SY5Y,Dark cryptic
TLE1,ENSG00000196781,NMD rescued,N.S., TDP-43 KD - SH-SY5Y,Dark cryptic
MVB12B,ENSG00000196814,non-NMD rescued,N.S., TDP-43 KD - SH-SY5Y,Dark cryptic
AGAP4,ENSG00000188234,NMD rescued,N.S., TDP-43 KD - SH-SY5Y,Dark cryptic
SVIL,ENSG00000197321,non-NMD rescued,N.S., TDP-43 KD - SH-SY5Y,> 10%
SVIL,ENSG00000197321,NMD rescued,N.S., TDP-43 KD - SH-SY5Y,> 10%
PHF2,ENSG00000197724,NMD rescued,N.S., TDP-43 KD - SH-SY5Y,Dark cryptic
FAN1,ENSG00000198690,NMD rescued,N.S., TDP-43 KD - SH-SY5Y,Dark cryptic
UNC13B,ENSG00000198722,NMD rescued,downregulated, TDP-43 KD - SH-SY5Y,Dark cryptic
ZKSCAN7,ENSG00000196345,non-NMD rescued,N.S., TDP-43 KD - SH-SY5Y,> 10%
ELAVL3,ENSG00000196361,NMD rescued,downregulated, TDP-43 KD - SH-SY5Y,> 70%
TRRAP,ENSG00000196367,NMD rescued,N.S., TDP-43 KD - SH-SY5Y,Dark cryptic
SULF2,ENSG00000196562,NMD rescued,N.S., TDP-43 KD - SH-SY5Y,Dark cryptic
MRTFA,ENSG00000196588,NMD rescued,N.S., TDP-43 KD - SH-SY5Y,Dark cryptic
ZNF814,ENSG00000204514,non-NMD rescued,N.S., TDP-43 KD - SH-SY5Y,> 10%
RANBP17,ENSG00000204764,NMD rescued,N.S., TDP-43 KD - SH-SY5Y,> 30%
ZNF512B,ENSG00000196700,NMD rescued,N.S., TDP-43 KD - SH-SY5Y,Dark cryptic
SNHG17,ENSG00000196756,NMD rescued, upregulated, TDP-43 KD - SH-SY5Y,Dark cryptic
KPNA5,ENSG00000196911,NMD rescued, upregulated, TDP-43 KD - SH-SY5Y,Dark cryptic
IGF2R,ENSG00000197081,NMD rescued,N.S., TDP-43 KD - SH-SY5Y,Dark cryptic
ZGPAT,ENSG00000197114,NMD rescued,downregulated, TDP-43 KD - SH-SY5Y,> 70%
"",ENSG00000273154,NMD rescued,N.S., TDP-43 KD - SH-SY5Y,> 70%
SRC,ENSG00000197122,non-NMD rescued,N.S., TDP-43 KD - SH-SY5Y,Dark cryptic
C5orf51,ENSG00000205765,non-NMD rescued,N.S., TDP-43 KD - SH-SY5Y,> 10%
ZNF257,ENSG00000197134,NMD rescued,N.S., TDP-43 KD - SH-SY5Y,Dark cryptic
ZNF675,ENSG00000197372,NMD rescued,N.S., TDP-43 KD - SH-SY5Y,Dark cryptic
ANKRD39,ENSG00000213337,NMD rescued,N.S., TDP-43 KD - SH-SY5Y,Dark cryptic
SIPA1,ENSG00000213445,non-NMD rescued,N.S., TDP-43 KD - SH-SY5Y,Dark cryptic
HTT,ENSG00000197386,NMD rescued,N.S., TDP-43 KD - SH-SY5Y,Dark cryptic
ATG7,ENSG00000197548,NMD rescued,N.S., TDP-43 KD - SH-SY5Y,Dark cryptic
ADAMTSL2,ENSG00000197859,NMD rescued,N.S., TDP-43 KD - SH-SY5Y,Dark cryptic
MYO1C,ENSG00000197879,NMD rescued,N.S., TDP-43 KD - SH-SY5Y,Dark cryptic
MCM3AP-AS1,ENSG00000215424,non-NMD rescued,N.S., TDP-43 KD - SH-SY5Y,> 10%
KIF13B,ENSG00000197892,NMD rescued,N.S., TDP-43 KD - SH-SY5Y,Dark cryptic
SPG7,ENSG00000197912,NMD rescued,N.S., TDP-43 KD - SH-SY5Y,Dark cryptic
GOLGA6L9,ENSG00000197978,NMD rescued,N.S., TDP-43 KD - SH-SY5Y,Dark cryptic
AP4M1,ENSG00000221838,non-NMD rescued,N.S., TDP-43 KD - SH-SY5Y,Dark cryptic
PPP2R2A,ENSG00000221914,NMD rescued,N.S., TDP-43 KD - SH-SY5Y,Dark cryptic
ZNF667,ENSG00000198046,NMD rescued,N.S., TDP-43 KD - SH-SY5Y,Dark cryptic
SFI1,ENSG00000198089,NMD rescued,N.S., TDP-43 KD - SH-SY5Y,Dark cryptic
TSSC2,ENSG00000223756,non-NMD rescued,N.S., TDP-43 KD - SH-SY5Y,> 10%
ASPH,ENSG00000198363,NMD rescued, upregulated, TDP-43 KD - SH-SY5Y,Dark cryptic
ZNF583,ENSG00000198440,NMD rescued,N.S., TDP-43 KD - SH-SY5Y,Dark cryptic
RD3,ENSG00000198570,NMD rescued,downregulated, TDP-43 KD - SH-SY5Y,Dark cryptic
ZNF536,ENSG00000198597,non-NMD rescued,N.S., TDP-43 KD - SH-SY5Y,Dark cryptic
PROX1-AS1,ENSG00000230461,NMD rescued,N.S., TDP-43 KD - SH-SY5Y,Dark cryptic
SMURF1,ENSG00000198742,non-NMD rescued,N.S., TDP-43 KD - SH-SY5Y,Dark cryptic
"",ENSG00000233223,non-NMD rescued,N.S., TDP-43 KD - SH-SY5Y,> 10%
TTN-AS1,ENSG00000237298,NMD rescued,N.S., TDP-43 KD - SH-SY5Y,Dark cryptic
SHISA4,ENSG00000198892,NMD rescued,N.S., TDP-43 KD - SH-SY5Y,Dark cryptic
KIAA0753,ENSG00000198920,non-NMD rescued,N.S., TDP-43 KD - SH-SY5Y,> 30%
PLEKHO2,ENSG00000241839,NMD rescued,N.S., TDP-43 KD - SH-SY5Y,Dark cryptic
"",ENSG00000249240,NMD rescued,N.S., TDP-43 KD - SH-SY5Y,Dark cryptic
RBM20,ENSG00000203867,NMD rescued,N.S., TDP-43 KD - SH-SY5Y,Dark cryptic
ETV5,ENSG00000244405,NMD rescued,downregulated, TDP-43 KD - SH-SY5Y,> 50%
LINC01184,ENSG00000245937,non-NMD rescued,N.S., TDP-43 KD - SH-SY5Y,> 10%
STARD4-AS1,ENSG00000246859,NMD rescued,N.S., TDP-43 KD - SH-SY5Y,Dark cryptic
EFCAB7,ENSG00000203965,NMD rescued,N.S., TDP-43 KD - SH-SY5Y,Dark cryptic
TAP2,ENSG00000204267,NMD rescued,N.S., TDP-43 KD - SH-SY5Y,Dark cryptic
"",ENSG00000250264,NMD rescued,N.S., TDP-43 KD - SH-SY5Y,Dark cryptic
PDCD6,ENSG00000249915,NMD rescued,N.S., TDP-43 KD - SH-SY5Y,Dark cryptic
ASPDH,ENSG00000204653,NMD rescued,N.S., TDP-43 KD - SH-SY5Y,Dark cryptic
TMEM170B,ENSG00000205269,NMD rescued,N.S., TDP-43 KD - SH-SY5Y,Dark cryptic
ZNF10,ENSG00000256223,non-NMD rescued,downregulated, TDP-43 KD - SH-SY5Y,> 10%
POLG2,ENSG00000256525,NMD rescued,N.S., TDP-43 KD - SH-SY5Y,Dark cryptic
"",ENSG00000256591,non-NMD rescued, upregulated, TDP-43 KD - SH-SY5Y,> 10%
"",ENSG00000258674,NMD rescued,N.S., TDP-43 KD - SH-SY5Y,Dark cryptic
UBE2Q2P2,ENSG00000259429,NMD rescued,N.S., TDP-43 KD - SH-SY5Y,Dark cryptic
"",ENSG00000259953,NMD rescued,downregulated, TDP-43 KD - SH-SY5Y,Dark cryptic
SYT3,ENSG00000213023,non-NMD rescued,N.S., TDP-43 KD - SH-SY5Y,> 10%
DENND1B,ENSG00000213047,NMD rescued,downregulated, TDP-43 KD - SH-SY5Y,> 10%
ZNF337-AS1,ENSG00000213742,non-NMD rescued,N.S., TDP-43 KD - SH-SY5Y,> 10%
ZNF90,ENSG00000213988,NMD rescued,N.S., TDP-43 KD - SH-SY5Y,Dark cryptic
RNF115,ENSG00000265491,non-NMD rescued,N.S., TDP-43 KD - SH-SY5Y,> 10%
SEPTIN7P2,ENSG00000214765,NMD rescued,N.S., TDP-43 KD - SH-SY5Y,> 50%
"",ENSG00000268400,NMD rescued,N.S., TDP-43 KD - SH-SY5Y,Dark cryptic
H4C14,ENSG00000270882,NMD rescued,N.S., TDP-43 KD - SH-SY5Y,Dark cryptic
U2AF1L5,ENSG00000275895,NMD rescued,N.S., TDP-43 KD - SH-SY5Y,> 10%
FADS3,ENSG00000221968,NMD rescued,downregulated, TDP-43 KD - SH-SY5Y,> 50%
PRRT4,ENSG00000224940,non-NMD rescued,N.S., TDP-43 KD - SH-SY5Y,> 30%
WASH7P,ENSG00000227232,NMD rescued,N.S., TDP-43 KD - SH-SY5Y,Dark cryptic
GUSBP11,ENSG00000228315,NMD rescued,N.S., TDP-43 KD - SH-SY5Y,Dark cryptic
"",ENSG00000287394,non-NMD rescued,N.S., TDP-43 KD - SH-SY5Y,> 10%
ZNF826P,ENSG00000231205,NMD rescued,N.S., TDP-43 KD - SH-SY5Y,> 70%
ZNF826P,ENSG00000231205,non-NMD rescued,N.S., TDP-43 KD - SH-SY5Y,> 70%
LINC01102,ENSG00000235597,NMD rescued,N.S., TDP-43 KD - SH-SY5Y,Dark cryptic
SMG1P1,ENSG00000237296,non-NMD rescued,N.S., TDP-43 KD - SH-SY5Y,> 10%
RBM14,ENSG00000239306,NMD rescued,N.S., TDP-43 KD - SH-SY5Y,Dark cryptic
ERICH6-AS1,ENSG00000240137,non-NMD rescued,N.S., TDP-43 KD - SH-SY5Y,> 10%
PEDS1,ENSG00000240849,NMD rescued,N.S., TDP-43 KD - SH-SY5Y,Dark cryptic
"",ENSG00000242593,NMD rescued,N.S., TDP-43 KD - SH-SY5Y,Dark cryptic
NAIPP3,ENSG00000248477,NMD rescued,N.S., TDP-43 KD - SH-SY5Y,Dark cryptic
TNFSF12,ENSG00000239697,non-NMD rescued,N.S., TDP-43 KD - SH-SY5Y,> 10%
TNFSF12-TNFSF13,ENSG00000248871,non-NMD rescued,N.S., TDP-43 KD - SH-SY5Y,> 10%
SHANK3,ENSG00000251322,NMD rescued,N.S., TDP-43 KD - SH-SY5Y,> 10%
"",ENSG00000244932,NMD rescued,N.S., TDP-43 KD - SH-SY5Y,Dark cryptic
RPL32P3,ENSG00000251474,NMD rescued,N.S., TDP-43 KD - SH-SY5Y,Dark cryptic
"",ENSG00000258240,NMD rescued,N.S., TDP-43 KD - SH-SY5Y,Dark cryptic
UBE2F-SCLY,ENSG00000258984,NMD rescued,N.S., TDP-43 KD - SH-SY5Y,Dark cryptic
BMS1P8,ENSG00000260518,NMD rescued,N.S., TDP-43 KD - SH-SY5Y,Dark cryptic
"",ENSG00000260537,NMD rescued,N.S., TDP-43 KD - SH-SY5Y,Dark cryptic
BAHCC1,ENSG00000266074,non-NMD rescued, upregulated, TDP-43 KD - SH-SY5Y,> 10%
BAHCC1,ENSG00000266074,NMD rescued, upregulated, TDP-43 KD - SH-SY5Y,> 10%
"",ENSG00000267002,non-NMD rescued, upregulated, TDP-43 KD - SH-SY5Y,> 10%
"",ENSG00000268575,NMD rescued,N.S., TDP-43 KD - SH-SY5Y,> 10%
NBPF9,ENSG00000269713,NMD rescued,N.S., TDP-43 KD - SH-SY5Y,Dark cryptic
TAF15,ENSG00000270647,NMD rescued,N.S., TDP-43 KD - SH-SY5Y,Dark cryptic
CYB561D2,ENSG00000271858,NMD rescued,N.S., TDP-43 KD - SH-SY5Y,Dark cryptic
"",ENSG00000272693,NMD rescued,N.S., TDP-43 KD - SH-SY5Y,Dark cryptic
"",ENSG00000275665,non-NMD rescued,N.S., TDP-43 KD - SH-SY5Y,> 10%
"",ENSG00000283674,NMD rescued,N.S., TDP-43 KD - SH-SY5Y,Dark cryptic
"",ENSG00000287908,NMD rescued,N.S., TDP-43 KD - SH-SY5Y,Dark cryptic
L3MBTL1,ENSG00000185513,NMD rescued,downregulated, TDP-43 KD - SH-SY5Y,> 50%
"",ENSG00000288000,NMD rescued,N.S., TDP-43 KD - SH-SY5Y,> 50%
"",ENSG00000288550,NMD rescued,N.S., TDP-43 KD - SH-SY5Y,Dark cryptic
DUS4L-BCAP29,ENSG00000288558,NMD rescued,downregulated, TDP-43 KD - SH-SY5Y,Dark cryptic
