le_id,experiment,mean_ppau_contrast,gene_name,timing
ENSG00000011114.15_3,zanovello_shsy5y_curve_00125,0,,Late
ENSG00000011114.15_3,zanovello_shsy5y_curve_00187,0,,Late
ENSG00000011114.15_3,zanovello_shsy5y_curve_0021,0,,Late
ENSG00000011114.15_3,zanovello_shsy5y_curve_0025,0,,Late
ENSG00000011114.15_3,zanovello_shsy5y_curve_0075,0.103951857574061,BTBD7,Late
ENSG00000064309.16_2,zanovello_shsy5y_curve_00125,0,,Late
ENSG00000064309.16_2,zanovello_shsy5y_curve_00187,0,,Late
ENSG00000064309.16_2,zanovello_shsy5y_curve_0021,0,,Late
ENSG00000064309.16_2,zanovello_shsy5y_curve_0025,0,,Late
ENSG00000064309.16_2,zanovello_shsy5y_curve_0075,0.135722087464736,CDON,Late
ENSG00000069667.16_1,zanovello_shsy5y_curve_00125,0,,Late
ENSG00000069667.16_1,zanovello_shsy5y_curve_00187,0,,Late
ENSG00000069667.16_1,zanovello_shsy5y_curve_0021,0,,Late
ENSG00000069667.16_1,zanovello_shsy5y_curve_0025,0,,Late
ENSG00000069667.16_1,zanovello_shsy5y_curve_0075,0.128781834032921,RORA,Late
ENSG00000072195.15_1,zanovello_shsy5y_curve_00125,0,,Late
ENSG00000072195.15_1,zanovello_shsy5y_curve_00187,0,,Late
ENSG00000072195.15_1,zanovello_shsy5y_curve_0021,0,,Late
ENSG00000072195.15_1,zanovello_shsy5y_curve_0025,0,,Late
ENSG00000072195.15_1,zanovello_shsy5y_curve_0075,0.222384144832554,SPEG,Late
ENSG00000072195.15_1,zanovello_shsy5y_curve_0075,0.222384144832554,SPEG,Late
ENSG00000085063.17_2,zanovello_shsy5y_curve_00125,0,,Late
ENSG00000085063.17_2,zanovello_shsy5y_curve_00187,0,,Late
ENSG00000085063.17_2,zanovello_shsy5y_curve_0021,0,,Late
ENSG00000085063.17_2,zanovello_shsy5y_curve_0025,0,,Late
ENSG00000085063.17_2,zanovello_shsy5y_curve_0075,0.105961452404691,CD59,Late
ENSG00000092140.16_1,zanovello_shsy5y_curve_00125,0,,Late
ENSG00000092140.16_1,zanovello_shsy5y_curve_00187,0,,Late
ENSG00000092140.16_1,zanovello_shsy5y_curve_0021,0,,Late
ENSG00000092140.16_1,zanovello_shsy5y_curve_0025,0,,Late
ENSG00000092140.16_1,zanovello_shsy5y_curve_0075,0.213128748720729,G2E3,Late
ENSG00000100139.14_2,zanovello_shsy5y_curve_00125,0,,Late
ENSG00000100139.14_2,zanovello_shsy5y_curve_00187,0,,Late
ENSG00000100139.14_2,zanovello_shsy5y_curve_0021,0,,Late
ENSG00000100139.14_2,zanovello_shsy5y_curve_0025,0,,Late
ENSG00000100139.14_2,zanovello_shsy5y_curve_0075,0.184634845637727,MICALL1,Late
ENSG00000103264.18_3,zanovello_shsy5y_curve_00125,0,,Late
ENSG00000103264.18_3,zanovello_shsy5y_curve_00187,0,,Late
ENSG00000103264.18_3,zanovello_shsy5y_curve_0021,0,,Late
ENSG00000103264.18_3,zanovello_shsy5y_curve_0025,0,,Late
ENSG00000103264.18_3,zanovello_shsy5y_curve_0075,0.15368784064736,FBXO31,Late
ENSG00000104435.14_1,zanovello_shsy5y_curve_00125,0.331465262398535,,Early
ENSG00000104435.14_1,zanovello_shsy5y_curve_00187,0.923757176268464,,Early
ENSG00000104435.14_1,zanovello_shsy5y_curve_0021,0.955315414547634,,Early
ENSG00000104435.14_1,zanovello_shsy5y_curve_0025,0.978544350212281,,Early
ENSG00000104435.14_1,zanovello_shsy5y_curve_0075,0.993223868376627,STMN2,Early
ENSG00000108370.17_4,zanovello_shsy5y_curve_00125,0,,Late
ENSG00000108370.17_4,zanovello_shsy5y_curve_00187,0,,Late
ENSG00000108370.17_4,zanovello_shsy5y_curve_0021,0,,Late
ENSG00000108370.17_4,zanovello_shsy5y_curve_0025,0,,Late
ENSG00000108370.17_4,zanovello_shsy5y_curve_0075,0.161255736973381,RGS9,Late
ENSG00000108587.16_4,zanovello_shsy5y_curve_00125,0,,Late
ENSG00000108587.16_4,zanovello_shsy5y_curve_00187,0,,Late
ENSG00000108587.16_4,zanovello_shsy5y_curve_0021,0,,Late
ENSG00000108587.16_4,zanovello_shsy5y_curve_0025,0.0358976238583865,,Late
ENSG00000108587.16_4,zanovello_shsy5y_curve_0075,0.104414652796862,GOSR1,Late
ENSG00000112038.18_1,zanovello_shsy5y_curve_00125,0,,Late
ENSG00000112038.18_1,zanovello_shsy5y_curve_00187,0,,Late
ENSG00000112038.18_1,zanovello_shsy5y_curve_0021,0,,Late
ENSG00000112038.18_1,zanovello_shsy5y_curve_0025,0,,Late
ENSG00000112038.18_1,zanovello_shsy5y_curve_0075,0.235168484216708,OPRM1,Late
ENSG00000112200.17_3,zanovello_shsy5y_curve_00125,0,,Late
ENSG00000112200.17_3,zanovello_shsy5y_curve_00187,0,,Late
ENSG00000112200.17_3,zanovello_shsy5y_curve_0021,0,,Late
ENSG00000112200.17_3,zanovello_shsy5y_curve_0025,0,,Late
ENSG00000112200.17_3,zanovello_shsy5y_curve_0075,0.100116766557549,ZNF451,Late
ENSG00000112365.5_2,zanovello_shsy5y_curve_00125,0,,Late
ENSG00000112365.5_2,zanovello_shsy5y_curve_00187,0,,Late
ENSG00000112365.5_2,zanovello_shsy5y_curve_0021,0,,Late
ENSG00000112365.5_2,zanovello_shsy5y_curve_0025,0,,Late
ENSG00000112365.5_2,zanovello_shsy5y_curve_0075,0.186572505622257,ZBTB24,Late
ENSG00000115107.20_2,zanovello_shsy5y_curve_00125,0.0417944253963289,,Late
ENSG00000115107.20_2,zanovello_shsy5y_curve_00187,0.0451921960356366,,Late
ENSG00000115107.20_2,zanovello_shsy5y_curve_0021,0,,Late
ENSG00000115107.20_2,zanovello_shsy5y_curve_0025,0.0589814752240902,,Late
ENSG00000115107.20_2,zanovello_shsy5y_curve_0075,0.120389680981589,STEAP3,Late
ENSG00000115904.15_3,zanovello_shsy5y_curve_00125,0,,Late
ENSG00000115904.15_3,zanovello_shsy5y_curve_00187,0,,Late
ENSG00000115904.15_3,zanovello_shsy5y_curve_0021,0,,Late
ENSG00000115904.15_3,zanovello_shsy5y_curve_0025,0.095578308838203,,Late
ENSG00000115904.15_3,zanovello_shsy5y_curve_0075,0.108277102092456,SOS1,Late
ENSG00000116128.12_2,zanovello_shsy5y_curve_00125,0,,Late
ENSG00000116128.12_2,zanovello_shsy5y_curve_00187,0,,Late
ENSG00000116128.12_2,zanovello_shsy5y_curve_0021,0.0799411649722863,,Late
ENSG00000116128.12_2,zanovello_shsy5y_curve_0025,0,,Late
ENSG00000116128.12_2,zanovello_shsy5y_curve_0075,0.176494790392944,BCL9,Late
ENSG00000116151.14_5,zanovello_shsy5y_curve_00125,0,,Late
ENSG00000116151.14_5,zanovello_shsy5y_curve_00187,0,,Late
ENSG00000116151.14_5,zanovello_shsy5y_curve_0021,0,,Late
ENSG00000116151.14_5,zanovello_shsy5y_curve_0025,0,,Late
ENSG00000116151.14_5,zanovello_shsy5y_curve_0075,0.207904035737654,MORN1,Late
ENSG00000117020.19_2,zanovello_shsy5y_curve_00125,0,,Late
ENSG00000117020.19_2,zanovello_shsy5y_curve_00187,0,,Late
ENSG00000117020.19_2,zanovello_shsy5y_curve_0021,0,,Late
ENSG00000117020.19_2,zanovello_shsy5y_curve_0025,0,,Late
ENSG00000117020.19_2,zanovello_shsy5y_curve_0075,0.194451617636267,AKT3,Late
ENSG00000119392.16_1,zanovello_shsy5y_curve_00125,0,,Late
ENSG00000119392.16_1,zanovello_shsy5y_curve_00187,0,,Late
ENSG00000119392.16_1,zanovello_shsy5y_curve_0021,0,,Late
ENSG00000119392.16_1,zanovello_shsy5y_curve_0025,0,,Late
ENSG00000119392.16_1,zanovello_shsy5y_curve_0075,0.280843335679912,GLE1,Late
ENSG00000119547.6_1,zanovello_shsy5y_curve_00125,0,,Late
ENSG00000119547.6_1,zanovello_shsy5y_curve_00187,0,,Late
ENSG00000119547.6_1,zanovello_shsy5y_curve_0021,0,,Late
ENSG00000119547.6_1,zanovello_shsy5y_curve_0025,0,,Late
ENSG00000119547.6_1,zanovello_shsy5y_curve_0075,0.21554335071982,ONECUT2,Late
ENSG00000125676.20_3,zanovello_shsy5y_curve_00125,0,,Late
ENSG00000125676.20_3,zanovello_shsy5y_curve_00187,0,,Late
ENSG00000125676.20_3,zanovello_shsy5y_curve_0021,0,,Late
ENSG00000125676.20_3,zanovello_shsy5y_curve_0025,0,,Late
ENSG00000125676.20_3,zanovello_shsy5y_curve_0075,0.263112703586535,THOC2,Late
ENSG00000126767.18_2,zanovello_shsy5y_curve_00125,0.16112343195221,,Early
ENSG00000126767.18_2,zanovello_shsy5y_curve_00187,0.71807551683246,,Early
ENSG00000126767.18_2,zanovello_shsy5y_curve_0021,0.922613069639913,,Early
ENSG00000126767.18_2,zanovello_shsy5y_curve_0025,1,,Early
ENSG00000126767.18_2,zanovello_shsy5y_curve_0075,1,ELK1,Early
ENSG00000133619.18_3,zanovello_shsy5y_curve_00125,0,,Late
ENSG00000133619.18_3,zanovello_shsy5y_curve_00187,0,,Late
ENSG00000133619.18_3,zanovello_shsy5y_curve_0021,0,,Late
ENSG00000133619.18_3,zanovello_shsy5y_curve_0025,0,,Late
ENSG00000133619.18_3,zanovello_shsy5y_curve_0075,0.244067083883627,KRBA1,Late
ENSG00000134909.19_1,zanovello_shsy5y_curve_00125,0.223937644577839,,Early
ENSG00000134909.19_1,zanovello_shsy5y_curve_00187,0.661442515833868,,Early
ENSG00000134909.19_1,zanovello_shsy5y_curve_0021,0.655428902725034,,Early
ENSG00000134909.19_1,zanovello_shsy5y_curve_0025,0.766634047956263,,Early
ENSG00000134909.19_1,zanovello_shsy5y_curve_0075,0.786604981788486,ARHGAP32,Early
ENSG00000135387.21_2,zanovello_shsy5y_curve_00125,0.107609889025754,,Early
ENSG00000135387.21_2,zanovello_shsy5y_curve_00187,0.12015032001422,,Early
ENSG00000135387.21_2,zanovello_shsy5y_curve_0021,0.111537053444842,,Early
ENSG00000135387.21_2,zanovello_shsy5y_curve_0025,0.120512586326666,,Early
ENSG00000135387.21_2,zanovello_shsy5y_curve_0075,0.129928308246268,CAPRIN1,Early
ENSG00000136738.15_2,zanovello_shsy5y_curve_00125,0,,Late
ENSG00000136738.15_2,zanovello_shsy5y_curve_00187,0,,Late
ENSG00000136738.15_2,zanovello_shsy5y_curve_0021,0,,Late
ENSG00000136738.15_2,zanovello_shsy5y_curve_0025,0,,Late
ENSG00000136738.15_2,zanovello_shsy5y_curve_0075,0.198622361222162,STAM,Late
ENSG00000138083.5_2,zanovello_shsy5y_curve_00125,0.184619380228771,,Early
ENSG00000138083.5_2,zanovello_shsy5y_curve_00187,0.525364378690225,,Early
ENSG00000138083.5_2,zanovello_shsy5y_curve_0021,0.589018378998181,,Early
ENSG00000138083.5_2,zanovello_shsy5y_curve_0025,0.647386783113876,,Early
ENSG00000138083.5_2,zanovello_shsy5y_curve_0075,0.762503498396351,SIX3,Early
ENSG00000138606.20_7,zanovello_shsy5y_curve_00125,0,,Late
ENSG00000138606.20_7,zanovello_shsy5y_curve_00187,0,,Late
ENSG00000138606.20_7,zanovello_shsy5y_curve_0021,0,,Late
ENSG00000138606.20_7,zanovello_shsy5y_curve_0025,0,,Late
ENSG00000138606.20_7,zanovello_shsy5y_curve_0075,0.10409116219047,SHF,Late
ENSG00000139910.20_7,zanovello_shsy5y_curve_00125,0,,Late
ENSG00000139910.20_7,zanovello_shsy5y_curve_00187,0,,Late
ENSG00000139910.20_7,zanovello_shsy5y_curve_0021,0,,Late
ENSG00000139910.20_7,zanovello_shsy5y_curve_0025,0,,Late
ENSG00000139910.20_7,zanovello_shsy5y_curve_0075,0.144161326967413,NOVA1,Late
ENSG00000141425.18_1,zanovello_shsy5y_curve_00125,0,,Late
ENSG00000141425.18_1,zanovello_shsy5y_curve_00187,0,,Late
ENSG00000141425.18_1,zanovello_shsy5y_curve_0021,0,,Late
ENSG00000141425.18_1,zanovello_shsy5y_curve_0025,0,,Late
ENSG00000141425.18_1,zanovello_shsy5y_curve_0075,0.159423571888458,RPRD1A,Late
ENSG00000141425.18_1,zanovello_shsy5y_curve_0075,0.159423571888458,RPRD1A,Late
ENSG00000143434.17_3,zanovello_shsy5y_curve_00125,0,,Late
ENSG00000143434.17_3,zanovello_shsy5y_curve_00187,0,,Late
ENSG00000143434.17_3,zanovello_shsy5y_curve_0021,0,,Late
ENSG00000143434.17_3,zanovello_shsy5y_curve_0025,0,,Late
ENSG00000143434.17_3,zanovello_shsy5y_curve_0075,0.108323069121508,SEMA6C,Late
ENSG00000144152.13_4,zanovello_shsy5y_curve_00125,0,,Late
ENSG00000144152.13_4,zanovello_shsy5y_curve_00187,0,,Late
ENSG00000144152.13_4,zanovello_shsy5y_curve_0021,0,,Late
ENSG00000144152.13_4,zanovello_shsy5y_curve_0025,0,,Late
ENSG00000144152.13_4,zanovello_shsy5y_curve_0075,0.162585436332197,FBLN7,Late
ENSG00000144815.17_1,zanovello_shsy5y_curve_00125,0,,Late
ENSG00000144815.17_1,zanovello_shsy5y_curve_00187,0,,Late
ENSG00000144815.17_1,zanovello_shsy5y_curve_0021,0,,Late
ENSG00000144815.17_1,zanovello_shsy5y_curve_0025,0,,Late
ENSG00000144815.17_1,zanovello_shsy5y_curve_0075,0.13705364238902,NXPE3,Late
ENSG00000146535.14_2,zanovello_shsy5y_curve_00125,0,,Late
ENSG00000146535.14_2,zanovello_shsy5y_curve_00187,0,,Late
ENSG00000146535.14_2,zanovello_shsy5y_curve_0021,0,,Late
ENSG00000146535.14_2,zanovello_shsy5y_curve_0025,0,,Late
ENSG00000146535.14_2,zanovello_shsy5y_curve_0075,0.186083431652983,GNA12,Late
ENSG00000149554.14_3,zanovello_shsy5y_curve_00125,0,,Late
ENSG00000149554.14_3,zanovello_shsy5y_curve_00187,0,,Late
ENSG00000149554.14_3,zanovello_shsy5y_curve_0021,0,,Late
ENSG00000149554.14_3,zanovello_shsy5y_curve_0025,0,,Late
ENSG00000149554.14_3,zanovello_shsy5y_curve_0075,0.346744137461248,CHEK1,Late
ENSG00000150764.14_2,zanovello_shsy5y_curve_00125,0,,Late
ENSG00000150764.14_2,zanovello_shsy5y_curve_00187,0,,Late
ENSG00000150764.14_2,zanovello_shsy5y_curve_0021,0,,Late
ENSG00000150764.14_2,zanovello_shsy5y_curve_0025,0,,Late
ENSG00000150764.14_2,zanovello_shsy5y_curve_0075,0.222608225257931,DIXDC1,Late
ENSG00000151692.15_2,zanovello_shsy5y_curve_00125,0,,Late
ENSG00000151692.15_2,zanovello_shsy5y_curve_00187,0.0457380089502569,,Late
ENSG00000151692.15_2,zanovello_shsy5y_curve_0021,0.0664807211684556,,Late
ENSG00000151692.15_2,zanovello_shsy5y_curve_0025,0.0761097233561774,,Late
ENSG00000151692.15_2,zanovello_shsy5y_curve_0075,0.107996535249721,RNF144A,Late
ENSG00000151692.15_6,zanovello_shsy5y_curve_00125,0.0205759264830814,,Late
ENSG00000151692.15_6,zanovello_shsy5y_curve_00187,0.0646424787938677,,Late
ENSG00000151692.15_6,zanovello_shsy5y_curve_0021,0.0683304621514807,,Late
ENSG00000151692.15_6,zanovello_shsy5y_curve_0025,0.0811814483498462,,Late
ENSG00000151692.15_6,zanovello_shsy5y_curve_0075,0.113756622716963,RNF144A,Late
ENSG00000152061.24_1,zanovello_shsy5y_curve_00125,0,,Late
ENSG00000152061.24_1,zanovello_shsy5y_curve_00187,0,,Late
ENSG00000152061.24_1,zanovello_shsy5y_curve_0021,0,,Late
ENSG00000152061.24_1,zanovello_shsy5y_curve_0025,0.0628200291465787,,Late
ENSG00000152061.24_1,zanovello_shsy5y_curve_0075,0.118264564100243,RABGAP1L,Late
ENSG00000162849.16_2,zanovello_shsy5y_curve_00125,0,,Late
ENSG00000162849.16_2,zanovello_shsy5y_curve_00187,0,,Late
ENSG00000162849.16_2,zanovello_shsy5y_curve_0021,0.00679082378320527,,Late
ENSG00000162849.16_2,zanovello_shsy5y_curve_0025,0.0259169832656196,,Late
ENSG00000162849.16_2,zanovello_shsy5y_curve_0075,0.176226638597948,KIF26B,Late
ENSG00000166582.11_2,zanovello_shsy5y_curve_00125,0,,Late
ENSG00000166582.11_2,zanovello_shsy5y_curve_00187,0,,Late
ENSG00000166582.11_2,zanovello_shsy5y_curve_0021,0,,Late
ENSG00000166582.11_2,zanovello_shsy5y_curve_0025,0,,Late
ENSG00000166582.11_2,zanovello_shsy5y_curve_0075,0.136447856116032,CENPV,Late
ENSG00000166582.11_2,zanovello_shsy5y_curve_0075,0.136447856116032,CENPV,Late
ENSG00000168228.16_6,zanovello_shsy5y_curve_00125,0,,Late
ENSG00000168228.16_6,zanovello_shsy5y_curve_00187,0,,Late
ENSG00000168228.16_6,zanovello_shsy5y_curve_0021,0,,Late
ENSG00000168228.16_6,zanovello_shsy5y_curve_0025,0,,Late
ENSG00000168228.16_6,zanovello_shsy5y_curve_0075,0.134979236967944,ZCCHC4,Late
ENSG00000171094.18_1,zanovello_shsy5y_curve_00125,0.102744026584098,,Early
ENSG00000171094.18_1,zanovello_shsy5y_curve_00187,0,,Early
ENSG00000171094.18_1,zanovello_shsy5y_curve_0021,0.150590006756938,,Early
ENSG00000171094.18_1,zanovello_shsy5y_curve_0025,0.130378580618473,,Early
ENSG00000171094.18_1,zanovello_shsy5y_curve_0075,0.195919602676912,ALK,Early
ENSG00000172915.20_3,zanovello_shsy5y_curve_00125,0,,Late
ENSG00000172915.20_3,zanovello_shsy5y_curve_00187,0,,Late
ENSG00000172915.20_3,zanovello_shsy5y_curve_0021,0,,Late
ENSG00000172915.20_3,zanovello_shsy5y_curve_0025,0,,Late
ENSG00000172915.20_3,zanovello_shsy5y_curve_0075,0.115398862636089,NBEA,Late
ENSG00000174796.12_5,zanovello_shsy5y_curve_00125,0.139055104776213,,Late
ENSG00000174796.12_5,zanovello_shsy5y_curve_00187,0,,Late
ENSG00000174796.12_5,zanovello_shsy5y_curve_0021,0,,Late
ENSG00000174796.12_5,zanovello_shsy5y_curve_0025,0,,Late
ENSG00000174796.12_5,zanovello_shsy5y_curve_0075,0.192077518065926,THAP6,Late
ENSG00000180182.11_3,zanovello_shsy5y_curve_00125,0,,Late
ENSG00000180182.11_3,zanovello_shsy5y_curve_00187,0,,Late
ENSG00000180182.11_3,zanovello_shsy5y_curve_0021,0,,Late
ENSG00000180182.11_3,zanovello_shsy5y_curve_0025,0,,Late
ENSG00000180182.11_3,zanovello_shsy5y_curve_0075,0.190848822021557,MED14,Late
ENSG00000181090.21_6,zanovello_shsy5y_curve_00125,0,,Late
ENSG00000181090.21_6,zanovello_shsy5y_curve_00187,0,,Late
ENSG00000181090.21_6,zanovello_shsy5y_curve_0021,0,,Late
ENSG00000181090.21_6,zanovello_shsy5y_curve_0025,0,,Late
ENSG00000181090.21_6,zanovello_shsy5y_curve_0075,0.359163035261803,EHMT1,Late
ENSG00000182010.11_1,zanovello_shsy5y_curve_00125,0,,Late
ENSG00000182010.11_1,zanovello_shsy5y_curve_00187,0,,Late
ENSG00000182010.11_1,zanovello_shsy5y_curve_0021,0,,Late
ENSG00000182010.11_1,zanovello_shsy5y_curve_0025,0.0455271677594751,,Late
ENSG00000182010.11_1,zanovello_shsy5y_curve_0075,0.119072288294851,RTKN2,Late
ENSG00000182903.16_2,zanovello_shsy5y_curve_00125,0,,Late
ENSG00000182903.16_2,zanovello_shsy5y_curve_00187,0,,Late
ENSG00000182903.16_2,zanovello_shsy5y_curve_0021,0,,Late
ENSG00000182903.16_2,zanovello_shsy5y_curve_0025,0,,Late
ENSG00000182903.16_2,zanovello_shsy5y_curve_0075,0.110388338404059,ZNF721,Late
ENSG00000182903.16_4,zanovello_shsy5y_curve_00125,0,,Late
ENSG00000182903.16_4,zanovello_shsy5y_curve_00187,0,,Late
ENSG00000182903.16_4,zanovello_shsy5y_curve_0021,0,,Late
ENSG00000182903.16_4,zanovello_shsy5y_curve_0025,0,,Late
ENSG00000182903.16_4,zanovello_shsy5y_curve_0075,0.21208449076325,ZNF721,Late
ENSG00000185973.12_5,zanovello_shsy5y_curve_00125,0,,Late
ENSG00000185973.12_5,zanovello_shsy5y_curve_00187,0,,Late
ENSG00000185973.12_5,zanovello_shsy5y_curve_0021,0,,Late
ENSG00000185973.12_5,zanovello_shsy5y_curve_0025,0,,Late
ENSG00000185973.12_5,zanovello_shsy5y_curve_0075,0.105971842673846,TMLHE,Late
ENSG00000186487.21_2,zanovello_shsy5y_curve_00125,0,,Late
ENSG00000186487.21_2,zanovello_shsy5y_curve_00187,0,,Late
ENSG00000186487.21_2,zanovello_shsy5y_curve_0021,0,,Late
ENSG00000186487.21_2,zanovello_shsy5y_curve_0025,0,,Late
ENSG00000186487.21_2,zanovello_shsy5y_curve_0075,0.179006465699592,MYT1L,Late
ENSG00000187951.11_3,zanovello_shsy5y_curve_00125,0,,Late
ENSG00000187951.11_3,zanovello_shsy5y_curve_00187,0,,Late
ENSG00000187951.11_3,zanovello_shsy5y_curve_0021,0.0143042598419733,,Late
ENSG00000187951.11_3,zanovello_shsy5y_curve_0025,0.00597292150456259,,Late
ENSG00000187951.11_3,zanovello_shsy5y_curve_0075,0.387413837454363,ENSG00000187951,Late
ENSG00000197008.10_1,zanovello_shsy5y_curve_00125,0,,Late
ENSG00000197008.10_1,zanovello_shsy5y_curve_00187,0,,Late
ENSG00000197008.10_1,zanovello_shsy5y_curve_0021,0,,Late
ENSG00000197008.10_1,zanovello_shsy5y_curve_0025,0,,Late
ENSG00000197008.10_1,zanovello_shsy5y_curve_0075,0.17540940313753,ZNF138,Late
ENSG00000197024.9_2,zanovello_shsy5y_curve_00125,0,,Late
ENSG00000197024.9_2,zanovello_shsy5y_curve_00187,0,,Late
ENSG00000197024.9_2,zanovello_shsy5y_curve_0021,0,,Late
ENSG00000197024.9_2,zanovello_shsy5y_curve_0025,0,,Late
ENSG00000197024.9_2,zanovello_shsy5y_curve_0075,0.168482510437327,ZNF398,Late
ENSG00000197134.13_3,zanovello_shsy5y_curve_00125,0,,Late
ENSG00000197134.13_3,zanovello_shsy5y_curve_00187,0,,Late
ENSG00000197134.13_3,zanovello_shsy5y_curve_0021,0,,Late
ENSG00000197134.13_3,zanovello_shsy5y_curve_0025,0,,Late
ENSG00000197134.13_3,zanovello_shsy5y_curve_0075,0.294943649071762,ZNF257,Late
ENSG00000197724.11_1,zanovello_shsy5y_curve_00125,0,,Late
ENSG00000197724.11_1,zanovello_shsy5y_curve_00187,0,,Late
ENSG00000197724.11_1,zanovello_shsy5y_curve_0021,0,,Late
ENSG00000197724.11_1,zanovello_shsy5y_curve_0025,0.0196453997968163,,Late
ENSG00000197724.11_1,zanovello_shsy5y_curve_0075,0.445754766781519,PHF2,Late
ENSG00000198105.16_4,zanovello_shsy5y_curve_00125,0,,Late
ENSG00000198105.16_4,zanovello_shsy5y_curve_00187,0,,Late
ENSG00000198105.16_4,zanovello_shsy5y_curve_0021,0,,Late
ENSG00000198105.16_4,zanovello_shsy5y_curve_0025,0,,Late
ENSG00000198105.16_4,zanovello_shsy5y_curve_0075,0.161086803262962,ZNF248,Late
ENSG00000198373.13_3,zanovello_shsy5y_curve_00125,0,,Late
ENSG00000198373.13_3,zanovello_shsy5y_curve_00187,0,,Late
ENSG00000198373.13_3,zanovello_shsy5y_curve_0021,0,,Late
ENSG00000198373.13_3,zanovello_shsy5y_curve_0025,0,,Late
ENSG00000198373.13_3,zanovello_shsy5y_curve_0075,0.120258912469701,WWP2,Late
ENSG00000198908.12_1,zanovello_shsy5y_curve_00125,0,,Late
ENSG00000198908.12_1,zanovello_shsy5y_curve_00187,0,,Late
ENSG00000198908.12_1,zanovello_shsy5y_curve_0021,0,,Late
ENSG00000198908.12_1,zanovello_shsy5y_curve_0025,0,,Late
ENSG00000198908.12_1,zanovello_shsy5y_curve_0075,0.121360399676317,BHLHB9,Late
ENSG00000198919.13_2,zanovello_shsy5y_curve_00125,0,,Late
ENSG00000198919.13_2,zanovello_shsy5y_curve_00187,0,,Late
ENSG00000198919.13_2,zanovello_shsy5y_curve_0021,0,,Late
ENSG00000198919.13_2,zanovello_shsy5y_curve_0025,0,,Late
ENSG00000198919.13_2,zanovello_shsy5y_curve_0075,0.200310589765791,DZIP3,Late
ENSG00000198952.8_2,zanovello_shsy5y_curve_00125,0,,Late
ENSG00000198952.8_2,zanovello_shsy5y_curve_00187,0,,Late
ENSG00000198952.8_2,zanovello_shsy5y_curve_0021,0.0918071916548911,,Late
ENSG00000198952.8_2,zanovello_shsy5y_curve_0025,0.0995112417492492,,Late
ENSG00000198952.8_2,zanovello_shsy5y_curve_0075,0.149892554414392,SMG5,Late
ENSG00000206195.11_6,zanovello_shsy5y_curve_00125,0,,Late
ENSG00000206195.11_6,zanovello_shsy5y_curve_00187,0,,Late
ENSG00000206195.11_6,zanovello_shsy5y_curve_0021,0,,Late
ENSG00000206195.11_6,zanovello_shsy5y_curve_0025,0,,Late
ENSG00000206195.11_6,zanovello_shsy5y_curve_0075,0.219775783237302,DUXAP8,Late
ENSG00000206195.11_6,zanovello_shsy5y_curve_0075,0.219775783237302,DUXAP8,Late
ENSG00000216895.9_4,zanovello_shsy5y_curve_00125,0,,Late
ENSG00000216895.9_4,zanovello_shsy5y_curve_00187,0,,Late
ENSG00000216895.9_4,zanovello_shsy5y_curve_0021,0,,Late
ENSG00000216895.9_4,zanovello_shsy5y_curve_0025,0,,Late
ENSG00000216895.9_4,zanovello_shsy5y_curve_0075,0.159175743224099,ENSG00000216895,Late
ENSG00000247572.9_5,zanovello_shsy5y_curve_00125,0,,Late
ENSG00000247572.9_5,zanovello_shsy5y_curve_00187,0,,Late
ENSG00000247572.9_5,zanovello_shsy5y_curve_0021,0,,Late
ENSG00000247572.9_5,zanovello_shsy5y_curve_0025,0,,Late
ENSG00000247572.9_5,zanovello_shsy5y_curve_0075,0.167753479143803,CKMT2,Late
ENSG00000248383.5_1,zanovello_shsy5y_curve_00125,0,,Late
ENSG00000248383.5_1,zanovello_shsy5y_curve_00187,0,,Late
ENSG00000248383.5_1,zanovello_shsy5y_curve_0021,0,,Late
ENSG00000248383.5_1,zanovello_shsy5y_curve_0025,0,,Late
ENSG00000248383.5_1,zanovello_shsy5y_curve_0075,0.198191795075845,PCDHAC1,Late
ENSG00000250917.1_3,zanovello_shsy5y_curve_00125,0,,Late
ENSG00000250917.1_3,zanovello_shsy5y_curve_00187,0,,Late
ENSG00000250917.1_3,zanovello_shsy5y_curve_0021,0,,Late
ENSG00000250917.1_3,zanovello_shsy5y_curve_0025,0,,Late
ENSG00000250917.1_3,zanovello_shsy5y_curve_0075,0.230159170717225,ENSG00000250917,Late
ENSG00000254093.9_4,zanovello_shsy5y_curve_00125,0,,Late
ENSG00000254093.9_4,zanovello_shsy5y_curve_00187,0,,Late
ENSG00000254093.9_4,zanovello_shsy5y_curve_0021,0,,Late
ENSG00000254093.9_4,zanovello_shsy5y_curve_0025,0.0625320221202792,,Late
ENSG00000254093.9_4,zanovello_shsy5y_curve_0075,0.115176438626017,PINX1,Late
"ENSG00000268797.1,ENSG00000269858.6,ENSG00000171570.11_2",zanovello_shsy5y_curve_00125,0,,Late
"ENSG00000268797.1,ENSG00000269858.6,ENSG00000171570.11_2",zanovello_shsy5y_curve_00187,0,,Late
"ENSG00000268797.1,ENSG00000269858.6,ENSG00000171570.11_2",zanovello_shsy5y_curve_0021,0.0572250413096519,,Late
"ENSG00000268797.1,ENSG00000269858.6,ENSG00000171570.11_2",zanovello_shsy5y_curve_0025,0,,Late
"ENSG00000268797.1,ENSG00000269858.6,ENSG00000171570.11_2",zanovello_shsy5y_curve_0075,0.112995178714975,ENSG00000268797,Late
ENSG00000270882.3_2,zanovello_shsy5y_curve_00125,0,,Late
ENSG00000270882.3_2,zanovello_shsy5y_curve_00187,0,,Late
ENSG00000270882.3_2,zanovello_shsy5y_curve_0021,0,,Late
ENSG00000270882.3_2,zanovello_shsy5y_curve_0025,0,,Late
ENSG00000270882.3_2,zanovello_shsy5y_curve_0075,0.228504073552033,H4C14,Late
ENSG00000285756.2_4,zanovello_shsy5y_curve_00125,0,,Late
ENSG00000285756.2_4,zanovello_shsy5y_curve_00187,0,,Late
ENSG00000285756.2_4,zanovello_shsy5y_curve_0021,0,,Late
ENSG00000285756.2_4,zanovello_shsy5y_curve_0025,0,,Late
ENSG00000285756.2_4,zanovello_shsy5y_curve_0075,0.136103061970988,ENSG00000285756,Late
ENSG00000285756.2_5,zanovello_shsy5y_curve_00125,0,,Late
ENSG00000285756.2_5,zanovello_shsy5y_curve_00187,0,,Late
ENSG00000285756.2_5,zanovello_shsy5y_curve_0021,0,,Late
ENSG00000285756.2_5,zanovello_shsy5y_curve_0025,0,,Late
ENSG00000285756.2_5,zanovello_shsy5y_curve_0075,0.127020282922315,ENSG00000285756,Late
ENSG00000285756.2_5,zanovello_shsy5y_curve_0075,0.127020282922315,ENSG00000285756,Late
ENSG00000285756.2_5,zanovello_shsy5y_curve_0075,0.127020282922315,ENSG00000285756,Late
